DROP PROCEDURE IF EXISTS add_migration;
delimiter ??
CREATE PROCEDURE `add_migration`()
BEGIN
DECLARE v INT DEFAULT 1;
SET v = (SELECT COUNT(*) FROM `migrations` WHERE `id`='20200703160522');
IF v=0 THEN
INSERT INTO `migrations` VALUES ('20200703160522');
-- Add your query below.
-- Reckful Memorial event by Rain.


REPLACE INTO `creature_template` (`entry`, `patch`, `KillCredit1`, `KillCredit2`, `modelid_1`, `modelid_2`, `modelid_3`, `modelid_4`, `name`, `subname`, `gossip_menu_id`, `minlevel`, `maxlevel`, `minhealth`, `maxhealth`, `minmana`, `maxmana`, `armor`, `faction_A`, `faction_H`, `npcflag`, `speed_walk`, `speed_run`, `scale`, `rank`, `mindmg`, `maxdmg`, `dmgschool`, `attackpower`, `dmg_multiplier`, `baseattacktime`, `rangeattacktime`, `unit_class`, `unit_flags`, `dynamicflags`, `family`, `trainer_type`, `trainer_spell`, `trainer_class`, `trainer_race`, `minrangedmg`, `maxrangedmg`, `rangedattackpower`, `type`, `type_flags`, `lootid`, `pickpocketloot`, `skinloot`, `resistance1`, `resistance2`, `resistance3`, `resistance4`, `resistance5`, `resistance6`, `spell1`, `spell2`, `spell3`, `spell4`, `PetSpellDataId`, `mingold`, `maxgold`, `AIName`, `MovementType`, `InhabitType`, `Civilian`, `RacialLeader`, `RegenHealth`, `equipment_id`, `trainer_id`, `vendor_id`, `MechanicImmuneMask`, `SchoolImmuneMask`, `flags_extra`, `aggroRadius`, `ScriptName`) VALUES (1200001, 0, 0, 0, 4005, 5129, 0, 0, 'High Warlord Reckful', 'Hero of Azeroth', 0, 100, 100, 781587, 894554, 0, 0, 0, 35, 35, 3, 1.13, 1.14286, 1, 0, 0, 0, 0, 148, 0, 2000, 2000, 0, 0, 0, 0, 0, 0, 0, 0, 0, 0, 0, 9, 0, 0, 0, 0, 0, 0, 0, 0, 0, 0, 0, 0, 0, 0, 0, 0, 0, '', 0, 1, 0, 0, 1, 106003, 0, 0, 0, 0, 0, 0, '');
REPLACE INTO `creature_equip_template` (`entry`, `patch`, `equipentry1`, `equipentry2`, `equipentry3`) VALUES (106003, 0, 18583, 18584, 0);
REPLACE INTO `creature_template_addon` (`entry`, `patch`, `mount`, `bytes1`, `b2_0_sheath`, `b2_1_flags`, `emote`, `moveflags`, `auras`) VALUES (1200001, 0, 10718, 3, 1, 16, 0, 0, NULL);
REPLACE INTO `creature_template` (`entry`, `patch`, `KillCredit1`, `KillCredit2`, `modelid_1`, `modelid_2`, `modelid_3`, `modelid_4`, `name`, `subname`, `gossip_menu_id`, `minlevel`, `maxlevel`, `minhealth`, `maxhealth`, `minmana`, `maxmana`, `armor`, `faction_A`, `faction_H`, `npcflag`, `speed_walk`, `speed_run`, `scale`, `rank`, `mindmg`, `maxdmg`, `dmgschool`, `attackpower`, `dmg_multiplier`, `baseattacktime`, `rangeattacktime`, `unit_class`, `unit_flags`, `dynamicflags`, `family`, `trainer_type`, `trainer_spell`, `trainer_class`, `trainer_race`, `minrangedmg`, `maxrangedmg`, `rangedattackpower`, `type`, `type_flags`, `lootid`, `pickpocketloot`, `skinloot`, `resistance1`, `resistance2`, `resistance3`, `resistance4`, `resistance5`, `resistance6`, `spell1`, `spell2`, `spell3`, `spell4`, `PetSpellDataId`, `mingold`, `maxgold`, `AIName`, `MovementType`, `InhabitType`, `Civilian`, `RacialLeader`, `RegenHealth`, `equipment_id`, `trainer_id`, `vendor_id`, `MechanicImmuneMask`, `SchoolImmuneMask`, `flags_extra`, `aggroRadius`, `ScriptName`) VALUES (1200002, 0, 0, 0, 1503, 0, 0, 0, 'Brother Byron', '', 65532, 100, 100, 781587, 894554, 0, 0, 0, 35, 35, 3, 1.13, 1.14286, 1, 0, 0, 0, 0, 148, 0, 2000, 2000, 0, 0, 0, 0, 0, 0, 0, 0, 0, 0, 0, 9, 0, 0, 0, 0, 0, 0, 0, 0, 0, 0, 0, 0, 0, 0, 0, 0, 0, '', 0, 1, 0, 0, 1, 838, 0, 0, 0, 0, 0, 0, '');

REPLACE INTO `gossip_menu` (`entry`, `text_id`, `condition_id`) VALUES (65532, 81012, 0);
REPLACE INTO `npc_text` (`ID`, `text0_0`, `text0_1`, `lang0`, `prob0`, `em0_0`, `em0_1`, `em0_2`, `em0_3`, `em0_4`, `em0_5`, `text1_0`, `text1_1`, `lang1`, `prob1`, `em1_0`, `em1_1`, `em1_2`, `em1_3`, `em1_4`, `em1_5`, `text2_0`, `text2_1`, `lang2`, `prob2`, `em2_0`, `em2_1`, `em2_2`, `em2_3`, `em2_4`, `em2_5`, `text3_0`, `text3_1`, `lang3`, `prob3`, `em3_0`, `em3_1`, `em3_2`, `em3_3`, `em3_4`, `em3_5`, `text4_0`, `text4_1`, `lang4`, `prob4`, `em4_0`, `em4_1`, `em4_2`, `em4_3`, `em4_4`, `em4_5`, `text5_0`, `text5_1`, `lang5`, `prob5`, `em5_0`, `em5_1`, `em5_2`, `em5_3`, `em5_4`, `em5_5`, `text6_0`, `text6_1`, `lang6`, `prob6`, `em6_0`, `em6_1`, `em6_2`, `em6_3`, `em6_4`, `em6_5`, `text7_0`, `text7_1`, `lang7`, `prob7`, `em7_0`, `em7_1`, `em7_2`, `em7_3`, `em7_4`, `em7_5`) VALUES (81012, 'Greetings $N. Have you come to pay your respects to one of Azeroths finest?$B$BReckful was a dedicated defender of Azeroth, and one of the first to bring grand attention to how amazing our world is. We honor him every day for his sacrifice and dedication to our world.$B$BHe will be missed, but never forgotten.', NULL, 0, 0, 0, 0, 0, 0, 0, 0, NULL, NULL, 0, 0, 0, 0, 0, 0, 0, 0, NULL, NULL, 0, 0, 0, 0, 0, 0, 0, 0, NULL, NULL, 0, 0, 0, 0, 0, 0, 0, 0, NULL, NULL, 0, 0, 0, 0, 0, 0, 0, 0, NULL, NULL, 0, 0, 0, 0, 0, 0, 0, 0, NULL, NULL, 0, 0, 0, 0, 0, 0, 0, 0, NULL, NULL, 0, 0, 0, 0, 0, 0, 0, 0);


REPLACE INTO `game_event` (`entry`, `start_time`, `end_time`, `occurence`, `length`, `holiday`, `description`, `hardcoded`, `disabled`, `patch_min`, `patch_max`) VALUES (210, '2010-01-01 00:00:00', '2025-01-01 00:00:00', 60, 13, 0, 'Reckful Memorial Event - Hourly', 0, 0, 0, 10);


REPLACE INTO `game_event_creature` (`guid`, `event`) 
VALUES (2770225, 210),
(2770267, 210);

REPLACE INTO `creature` (`guid`, `id`, `map`, `modelid`, `equipment_id`, `position_x`, `position_y`, `position_z`, `orientation`, `spawntimesecs`, `spawndist`, `currentwaypoint`, `curhealth`, `curmana`, `DeathState`, `MovementType`, `spawnFlags`, `visibilitymod`, `patch_min`, `patch_max`) VALUES (2770267, 1200001, 1, 0, 106003, 1244.01, -4512.6, 21.7946, 2.22028, 25, 5, 0, 781587, 0, 0, 2, 0, 0, 0, 10);
REPLACE INTO `creature` (`guid`, `id`, `map`, `modelid`, `equipment_id`, `position_x`, `position_y`, `position_z`, `orientation`, `spawntimesecs`, `spawndist`, `currentwaypoint`, `curhealth`, `curmana`, `DeathState`, `MovementType`, `spawnFlags`, `visibilitymod`, `patch_min`, `patch_max`) VALUES (2770225, 1200001, 0, 0, 106003, -9470.64, 47.2609, 56.8111, 4.60749, 25, 5, 0, 781587, 0, 0, 2, 0, 0, 0, 10);
REPLACE INTO `creature` (`guid`, `id`, `map`, `modelid`, `equipment_id`, `position_x`, `position_y`, `position_z`, `orientation`, `spawntimesecs`, `spawndist`, `currentwaypoint`, `curhealth`, `curmana`, `DeathState`, `MovementType`, `spawnFlags`, `visibilitymod`, `patch_min`, `patch_max`) VALUES (2770272, 1200002, 0, 0, 838, -8546.89, 764.2, 96.651, 3.17807, 25, 5, 0, 781587, 0, 0, 0, 0, 0, 0, 10);
REPLACE INTO `creature` (`guid`, `id`, `map`, `modelid`, `equipment_id`, `position_x`, `position_y`, `position_z`, `orientation`, `spawntimesecs`, `spawndist`, `currentwaypoint`, `curhealth`, `curmana`, `DeathState`, `MovementType`, `spawnFlags`, `visibilitymod`, `patch_min`, `patch_max`) VALUES (2770265, 1200002, 1, 0, 838, 1538.94, -4149.29, 40.7972, 5.76008, 25, 5, 0, 781587, 0, 0, 0, 0, 0, 0, 10);



-- Stormwind Pathing 
REPLACE INTO `db_script_string` (`entry`, `content_default`, `content_loc1`, `content_loc2`, `content_loc3`, `content_loc4`, `content_loc5`, `content_loc6`, `content_loc7`, `content_loc8`) VALUES (2000009007, 'Ah ... what a great spot to rest. Goodnight Azeroth.', NULL, NULL, NULL, NULL, NULL, NULL, NULL, '');
REPLACE INTO `db_script_string` (`entry`, `content_default`, `content_loc1`, `content_loc2`, `content_loc3`, `content_loc4`, `content_loc5`, `content_loc6`, `content_loc7`, `content_loc8`) VALUES (2000009006, 'Greetings Brother. Please, forgive my appearance - I mean you no harm. I\'ve had a long and difficult journey, and I am weary from my travels. I just need to rest a while. I will be no bother to you.', NULL, NULL, NULL, NULL, NULL, NULL, NULL, '');
REPLACE INTO `db_script_string` (`entry`, `content_default`, `content_loc1`, `content_loc2`, `content_loc3`, `content_loc4`, `content_loc5`, `content_loc6`, `content_loc7`, `content_loc8`) VALUES (2000009005, 'This place was a home for me for many years. What a wonderous sight.', NULL, NULL, NULL, NULL, NULL, NULL, NULL, '');
REPLACE INTO `db_script_string` (`entry`, `content_default`, `content_loc1`, `content_loc2`, `content_loc3`, `content_loc4`, `content_loc5`, `content_loc6`, `content_loc7`, `content_loc8`) VALUES (2000009004, 'Was it left or right to the cathedral? Hmmm ... right... I think.', NULL, NULL, NULL, NULL, NULL, NULL, NULL, '');
REPLACE INTO `db_script_string` (`entry`, `content_default`, `content_loc1`, `content_loc2`, `content_loc3`, `content_loc4`, `content_loc5`, `content_loc6`, `content_loc7`, `content_loc8`) VALUES (2000009003, 'Ah ... I missed this city. *Takes a deep breath and soaks in the view* ', NULL, NULL, NULL, NULL, NULL, NULL, NULL, '');
REPLACE INTO `db_script_string` (`entry`, `content_default`, `content_loc1`, `content_loc2`, `content_loc3`, `content_loc4`, `content_loc5`, `content_loc6`, `content_loc7`, `content_loc8`) VALUES (2000009002, 'Just passing through, Jonathan. You look as ... stoic ... as ever.', NULL, NULL, NULL, NULL, NULL, NULL, NULL, '');
REPLACE INTO `db_script_string` (`entry`, `content_default`, `content_loc1`, `content_loc2`, `content_loc3`, `content_loc4`, `content_loc5`, `content_loc6`, `content_loc7`, `content_loc8`) VALUES (2000009010, 'Hmmm ... do I have time to grab a Deviate from the bank? No no ... I need to rest. Tomorrow!', NULL, NULL, NULL, NULL, NULL, NULL, NULL, NULL);
REPLACE INTO `db_script_string` (`entry`, `content_default`, `content_loc1`, `content_loc2`, `content_loc3`, `content_loc4`, `content_loc5`, `content_loc6`, `content_loc7`, `content_loc8`) VALUES (2000009011, 'Lok\'tar Doras! Thanks for all the free gryphon rides. Don\'t worry - I never told Thrall. *Tosses Doras a bag of coins*', NULL, NULL, NULL, NULL, NULL, NULL, NULL, NULL);
REPLACE INTO `db_script_string` (`entry`, `content_default`, `content_loc1`, `content_loc2`, `content_loc3`, `content_loc4`, `content_loc5`, `content_loc6`, `content_loc7`, `content_loc8`) VALUES (2000009012, 'Was the Valley of Spirits left or right? It\'s been so long....left... I think.', NULL, NULL, NULL, NULL, NULL, NULL, NULL, NULL);
REPLACE INTO `db_script_string` (`entry`, `content_default`, `content_loc1`, `content_loc2`, `content_loc3`, `content_loc4`, `content_loc5`, `content_loc6`, `content_loc7`, `content_loc8`) VALUES (2000009013, 'The barracks! I was given my most prestigeous rank here during my time with the Horde. What a powerful moment in my life to be recognized for all that hard work! Nobody stood a chance against me!', NULL, NULL, NULL, NULL, NULL, NULL, NULL, NULL);
REPLACE INTO `db_script_string` (`entry`, `content_default`, `content_loc1`, `content_loc2`, `content_loc3`, `content_loc4`, `content_loc5`, `content_loc6`, `content_loc7`, `content_loc8`) VALUES (2000009014, 'Should I goto the huts?  ... No, no. I feel like sleeping beneath the stars tonight.', NULL, NULL, NULL, NULL, NULL, NULL, NULL, NULL);
REPLACE INTO `db_script_string` (`entry`, `content_default`, `content_loc1`, `content_loc2`, `content_loc3`, `content_loc4`, `content_loc5`, `content_loc6`, `content_loc7`, `content_loc8`) VALUES (2000009015, 'Mok-rah warrior! I\'m just going to rest over there by the rocks. Fight on my brother.', NULL, NULL, NULL, NULL, NULL, NULL, NULL, NULL);
REPLACE INTO `db_script_string` (`entry`, `content_default`, `content_loc1`, `content_loc2`, `content_loc3`, `content_loc4`, `content_loc5`, `content_loc6`, `content_loc7`, `content_loc8`) VALUES (2000009016, 'Ah ... this looks like a great place to rest my eyes. Goodnight Azeroth.', NULL, NULL, NULL, NULL, NULL, NULL, NULL, NULL);
REPLACE INTO `db_script_string` (`entry`, `content_default`, `content_loc1`, `content_loc2`, `content_loc3`, `content_loc4`, `content_loc5`, `content_loc6`, `content_loc7`, `content_loc8`) VALUES (2000009009, 'Lok\'tar! For the Horde! I formed many friendships and bonds in this very city. Defeat quite a few foes here too.', NULL, NULL, NULL, NULL, NULL, NULL, NULL, NULL);
REPLACE INTO `db_script_string` (`entry`, `content_default`, `content_loc1`, `content_loc2`, `content_loc3`, `content_loc4`, `content_loc5`, `content_loc6`, `content_loc7`, `content_loc8`) VALUES (2000009008, 'My old stomping grounds! The number of duels I won out here were countless. Those were good times.', NULL, NULL, NULL, NULL, NULL, NULL, NULL, NULL);


REPLACE INTO `creature_movement` (`id`, `point`, `position_x`, `position_y`, `position_z`, `waittime`, `script_id`, `textid1`, `textid2`, `textid3`, `textid4`, `textid5`, `emote`, `spell`, `wpguid`, `orientation`, `model1`, `model2`) VALUES (2770225, 1, -9470.44, 46.5898, 56.7289, 0, 0, 0, 0, 0, 0, 0, 0, 0, 2770226, 4.67425, 0, 0);
REPLACE INTO `creature_movement` (`id`, `point`, `position_x`, `position_y`, `position_z`, `waittime`, `script_id`, `textid1`, `textid2`, `textid3`, `textid4`, `textid5`, `emote`, `spell`, `wpguid`, `orientation`, `model1`, `model2`) VALUES (2770225, 2, -9467.41, 58.7851, 56.269, 0, 0, 0, 0, 0, 0, 0, 0, 0, 2770227, 1.32453, 0, 0);
REPLACE INTO `creature_movement` (`id`, `point`, `position_x`, `position_y`, `position_z`, `waittime`, `script_id`, `textid1`, `textid2`, `textid3`, `textid4`, `textid5`, `emote`, `spell`, `wpguid`, `orientation`, `model1`, `model2`) VALUES (2770225, 3, -9451.31, 64.1755, 56.0248, 0, 0, 0, 0, 0, 0, 0, 0, 0, 2770228, 0.323148, 0, 0);
REPLACE INTO `creature_movement` (`id`, `point`, `position_x`, `position_y`, `position_z`, `waittime`, `script_id`, `textid1`, `textid2`, `textid3`, `textid4`, `textid5`, `emote`, `spell`, `wpguid`, `orientation`, `model1`, `model2`) VALUES (2770225, 4, -9404.98, 94.2218, 58.172, 0, 0, 0, 0, 0, 0, 0, 0, 0, 2770229, 0.58233, 0, 0);
REPLACE INTO `creature_movement` (`id`, `point`, `position_x`, `position_y`, `position_z`, `waittime`, `script_id`, `textid1`, `textid2`, `textid3`, `textid4`, `textid5`, `emote`, `spell`, `wpguid`, `orientation`, `model1`, `model2`) VALUES (2770225, 5, -9350.47, 116.928, 62.4971, 0, 0, 0, 0, 0, 0, 0, 0, 0, 2770230, 0.397761, 0, 0);
REPLACE INTO `creature_movement` (`id`, `point`, `position_x`, `position_y`, `position_z`, `waittime`, `script_id`, `textid1`, `textid2`, `textid3`, `textid4`, `textid5`, `emote`, `spell`, `wpguid`, `orientation`, `model1`, `model2`) VALUES (2770225, 6, -9302.95, 145.003, 65.8563, 0, 0, 0, 0, 0, 0, 0, 0, 0, 2770231, 0.535206, 0, 0);
REPLACE INTO `creature_movement` (`id`, `point`, `position_x`, `position_y`, `position_z`, `waittime`, `script_id`, `textid1`, `textid2`, `textid3`, `textid4`, `textid5`, `emote`, `spell`, `wpguid`, `orientation`, `model1`, `model2`) VALUES (2770225, 7, -9256.01, 155.283, 67.7715, 0, 0, 0, 0, 0, 0, 0, 0, 0, 2770232, 0.169995, 0, 0);
REPLACE INTO `creature_movement` (`id`, `point`, `position_x`, `position_y`, `position_z`, `waittime`, `script_id`, `textid1`, `textid2`, `textid3`, `textid4`, `textid5`, `emote`, `spell`, `wpguid`, `orientation`, `model1`, `model2`) VALUES (2770225, 8, -9229.78, 190.911, 67.9102, 0, 0, 0, 0, 0, 0, 0, 0, 0, 2770233, 1.02215, 0, 0);
REPLACE INTO `creature_movement` (`id`, `point`, `position_x`, `position_y`, `position_z`, `waittime`, `script_id`, `textid1`, `textid2`, `textid3`, `textid4`, `textid5`, `emote`, `spell`, `wpguid`, `orientation`, `model1`, `model2`) VALUES (2770225, 9, -9189.17, 232.207, 71.9249, 0, 0, 0, 0, 0, 0, 0, 0, 0, 2770234, 0.786533, 0, 0);
REPLACE INTO `creature_movement` (`id`, `point`, `position_x`, `position_y`, `position_z`, `waittime`, `script_id`, `textid1`, `textid2`, `textid3`, `textid4`, `textid5`, `emote`, `spell`, `wpguid`, `orientation`, `model1`, `model2`) VALUES (2770225, 10, -9179.31, 274.775, 75.2295, 0, 0, 0, 0, 0, 0, 0, 0, 0, 2770235, 1.38344, 0, 0);
REPLACE INTO `creature_movement` (`id`, `point`, `position_x`, `position_y`, `position_z`, `waittime`, `script_id`, `textid1`, `textid2`, `textid3`, `textid4`, `textid5`, `emote`, `spell`, `wpguid`, `orientation`, `model1`, `model2`) VALUES (2770225, 11, -9180.13, 323.978, 80.8416, 0, 0, 0, 0, 0, 0, 0, 0, 0, 2770236, 1.58764, 0, 0);
REPLACE INTO `creature_movement` (`id`, `point`, `position_x`, `position_y`, `position_z`, `waittime`, `script_id`, `textid1`, `textid2`, `textid3`, `textid4`, `textid5`, `emote`, `spell`, `wpguid`, `orientation`, `model1`, `model2`) VALUES (2770225, 12, -9172.49, 340.957, 84.492, 0, 0, 0, 0, 0, 0, 0, 0, 0, 2770237, 1.14782, 0, 0);
REPLACE INTO `creature_movement` (`id`, `point`, `position_x`, `position_y`, `position_z`, `waittime`, `script_id`, `textid1`, `textid2`, `textid3`, `textid4`, `textid5`, `emote`, `spell`, `wpguid`, `orientation`, `model1`, `model2`) VALUES (2770225, 13, -9124.64, 392.025, 91.6562, 0, 0, 0, 0, 0, 0, 0, 0, 0, 2770238, 0.817949, 0, 0);
REPLACE INTO `creature_movement` (`id`, `point`, `position_x`, `position_y`, `position_z`, `waittime`, `script_id`, `textid1`, `textid2`, `textid3`, `textid4`, `textid5`, `emote`, `spell`, `wpguid`, `orientation`, `model1`, `model2`) VALUES (2770225, 14, -9080.32, 425.831, 92.4824, 0, 0, 0, 0, 0, 0, 0, 0, 0, 2770239, 0.641235, 0, 0);
REPLACE INTO `creature_movement` (`id`, `point`, `position_x`, `position_y`, `position_z`, `waittime`, `script_id`, `textid1`, `textid2`, `textid3`, `textid4`, `textid5`, `emote`, `spell`, `wpguid`, `orientation`, `model1`, `model2`) VALUES (2770225, 15, -9036.38, 455.501, 93.0563, 0, 0, 0, 0, 0, 0, 0, 0, 0, 2770240, 0.598038, 0, 0);
REPLACE INTO `creature_movement` (`id`, `point`, `position_x`, `position_y`, `position_z`, `waittime`, `script_id`, `textid1`, `textid2`, `textid3`, `textid4`, `textid5`, `emote`, `spell`, `wpguid`, `orientation`, `model1`, `model2`) VALUES (2770225, 16, -8960.48, 515.432, 96.3552, 10000, 0, 2000009002, 0, 0, 0, 0, 0, 0, 2770241, 0.696212, 0, 0);
REPLACE INTO `creature_movement` (`id`, `point`, `position_x`, `position_y`, `position_z`, `waittime`, `script_id`, `textid1`, `textid2`, `textid3`, `textid4`, `textid5`, `emote`, `spell`, `wpguid`, `orientation`, `model1`, `model2`) VALUES (2770225, 17, -8951.84, 516.811, 96.3554, 0, 0, 0, 0, 0, 0, 0, 0, 0, 2770242, 0.158215, 0, 0);
REPLACE INTO `creature_movement` (`id`, `point`, `position_x`, `position_y`, `position_z`, `waittime`, `script_id`, `textid1`, `textid2`, `textid3`, `textid4`, `textid5`, `emote`, `spell`, `wpguid`, `orientation`, `model1`, `model2`) VALUES (2770225, 18, -8929.25, 493.757, 93.8392, 0, 0, 0, 0, 0, 0, 0, 0, 0, 2770243, 5.48714, 0, 0);
REPLACE INTO `creature_movement` (`id`, `point`, `position_x`, `position_y`, `position_z`, `waittime`, `script_id`, `textid1`, `textid2`, `textid3`, `textid4`, `textid5`, `emote`, `spell`, `wpguid`, `orientation`, `model1`, `model2`) VALUES (2770225, 19, -8907.03, 507.718, 93.8448, 0, 0, 0, 0, 0, 0, 0, 0, 0, 2770244, 0.574477, 0, 0);
REPLACE INTO `creature_movement` (`id`, `point`, `position_x`, `position_y`, `position_z`, `waittime`, `script_id`, `textid1`, `textid2`, `textid3`, `textid4`, `textid5`, `emote`, `spell`, `wpguid`, `orientation`, `model1`, `model2`) VALUES (2770225, 20, -8928.37, 540.75, 94.3116, 0, 0, 0, 0, 0, 0, 0, 0, 0, 2770245, 2.16883, 0, 0);
REPLACE INTO `creature_movement` (`id`, `point`, `position_x`, `position_y`, `position_z`, `waittime`, `script_id`, `textid1`, `textid2`, `textid3`, `textid4`, `textid5`, `emote`, `spell`, `wpguid`, `orientation`, `model1`, `model2`) VALUES (2770225, 21, -8885.04, 575.83, 92.8653, 10000, 0, 2000009003, 0, 0, 0, 0, 0, 0, 2770246, 0.680505, 0, 0);
REPLACE INTO `creature_movement` (`id`, `point`, `position_x`, `position_y`, `position_z`, `waittime`, `script_id`, `textid1`, `textid2`, `textid3`, `textid4`, `textid5`, `emote`, `spell`, `wpguid`, `orientation`, `model1`, `model2`) VALUES (2770225, 22, -8837.32, 617.128, 93.0014, 0, 0, 0, 0, 0, 0, 0, 0, 0, 2770247, 0.755118, 0, 0);
REPLACE INTO `creature_movement` (`id`, `point`, `position_x`, `position_y`, `position_z`, `waittime`, `script_id`, `textid1`, `textid2`, `textid3`, `textid4`, `textid5`, `emote`, `spell`, `wpguid`, `orientation`, `model1`, `model2`) VALUES (2770225, 23, -8833.88, 630.374, 94.0843, 0, 0, 0, 0, 0, 0, 0, 0, 0, 2770248, 1.95678, 0, 0);
REPLACE INTO `creature_movement` (`id`, `point`, `position_x`, `position_y`, `position_z`, `waittime`, `script_id`, `textid1`, `textid2`, `textid3`, `textid4`, `textid5`, `emote`, `spell`, `wpguid`, `orientation`, `model1`, `model2`) VALUES (2770225, 24, -8852.44, 660.694, 97.055, 0, 0, 0, 0, 0, 0, 0, 0, 0, 2770249, 2.13742, 0, 0);
REPLACE INTO `creature_movement` (`id`, `point`, `position_x`, `position_y`, `position_z`, `waittime`, `script_id`, `textid1`, `textid2`, `textid3`, `textid4`, `textid5`, `emote`, `spell`, `wpguid`, `orientation`, `model1`, `model2`) VALUES (2770225, 25, -8837.81, 671.284, 98.1711, 0, 0, 0, 0, 0, 0, 0, 0, 0, 2770250, 0.6216, 0, 0);
REPLACE INTO `creature_movement` (`id`, `point`, `position_x`, `position_y`, `position_z`, `waittime`, `script_id`, `textid1`, `textid2`, `textid3`, `textid4`, `textid5`, `emote`, `spell`, `wpguid`, `orientation`, `model1`, `model2`) VALUES (2770225, 26, -8825.34, 677.231, 97.6553, 0, 0, 0, 0, 0, 0, 0, 0, 0, 2770251, 0.444886, 0, 0);
REPLACE INTO `creature_movement` (`id`, `point`, `position_x`, `position_y`, `position_z`, `waittime`, `script_id`, `textid1`, `textid2`, `textid3`, `textid4`, `textid5`, `emote`, `spell`, `wpguid`, `orientation`, `model1`, `model2`) VALUES (2770225, 27, -8844.5, 721.376, 97.2898, 0, 0, 0, 0, 0, 0, 0, 0, 0, 2770252, 1.98034, 0, 0);
REPLACE INTO `creature_movement` (`id`, `point`, `position_x`, `position_y`, `position_z`, `waittime`, `script_id`, `textid1`, `textid2`, `textid3`, `textid4`, `textid5`, `emote`, `spell`, `wpguid`, `orientation`, `model1`, `model2`) VALUES (2770225, 28, -8854.52, 739.553, 100.695, 0, 0, 0, 0, 0, 0, 0, 0, 0, 2770253, 2.07459, 0, 0);
REPLACE INTO `creature_movement` (`id`, `point`, `position_x`, `position_y`, `position_z`, `waittime`, `script_id`, `textid1`, `textid2`, `textid3`, `textid4`, `textid5`, `emote`, `spell`, `wpguid`, `orientation`, `model1`, `model2`) VALUES (2770225, 29, -8870.75, 760.839, 96.704, 0, 0, 0, 0, 0, 0, 0, 0, 0, 2770254, 2.22774, 0, 0);
REPLACE INTO `creature_movement` (`id`, `point`, `position_x`, `position_y`, `position_z`, `waittime`, `script_id`, `textid1`, `textid2`, `textid3`, `textid4`, `textid5`, `emote`, `spell`, `wpguid`, `orientation`, `model1`, `model2`) VALUES (2770225, 30, -8861.19, 772.815, 96.6314, 0, 0, 0, 0, 0, 0, 0, 0, 0, 2770255, 0.916124, 0, 0);
REPLACE INTO `creature_movement` (`id`, `point`, `position_x`, `position_y`, `position_z`, `waittime`, `script_id`, `textid1`, `textid2`, `textid3`, `textid4`, `textid5`, `emote`, `spell`, `wpguid`, `orientation`, `model1`, `model2`) VALUES (2770225, 31, -8822.16, 799.994, 97.7415, 0, 0, 0, 0, 0, 0, 0, 0, 0, 2770256, 0.609818, 0, 0);
REPLACE INTO `creature_movement` (`id`, `point`, `position_x`, `position_y`, `position_z`, `waittime`, `script_id`, `textid1`, `textid2`, `textid3`, `textid4`, `textid5`, `emote`, `spell`, `wpguid`, `orientation`, `model1`, `model2`) VALUES (2770225, 32, -8821.62, 824.068, 98.7832, 0, 0, 0, 0, 0, 0, 0, 0, 0, 2770257, 1.54837, 0, 0);
REPLACE INTO `creature_movement` (`id`, `point`, `position_x`, `position_y`, `position_z`, `waittime`, `script_id`, `textid1`, `textid2`, `textid3`, `textid4`, `textid5`, `emote`, `spell`, `wpguid`, `orientation`, `model1`, `model2`) VALUES (2770225, 33, -8823.54, 852.414, 99.1515, 0, 0, 0, 0, 0, 0, 0, 0, 0, 2770258, 1.66618, 0, 0);
REPLACE INTO `creature_movement` (`id`, `point`, `position_x`, `position_y`, `position_z`, `waittime`, `script_id`, `textid1`, `textid2`, `textid3`, `textid4`, `textid5`, `emote`, `spell`, `wpguid`, `orientation`, `model1`, `model2`) VALUES (2770225, 34, -8827.45, 893.248, 98.2632, 0, 0, 0, 0, 0, 0, 0, 0, 0, 2770259, 1.66618, 0, 0);
REPLACE INTO `creature_movement` (`id`, `point`, `position_x`, `position_y`, `position_z`, `waittime`, `script_id`, `textid1`, `textid2`, `textid3`, `textid4`, `textid5`, `emote`, `spell`, `wpguid`, `orientation`, `model1`, `model2`) VALUES (2770225, 35, -8840.81, 913.895, 99.3142, 0, 0, 0, 0, 0, 0, 0, 0, 0, 2770260, 2.14527, 0, 0);
REPLACE INTO `creature_movement` (`id`, `point`, `position_x`, `position_y`, `position_z`, `waittime`, `script_id`, `textid1`, `textid2`, `textid3`, `textid4`, `textid5`, `emote`, `spell`, `wpguid`, `orientation`, `model1`, `model2`) VALUES (2770225, 36, -8849.86, 926.223, 101.919, 10000, 0, 2000009004, 0, 0, 0, 0, 0, 0, 2770261, 2.20418, 0, 0);
REPLACE INTO `creature_movement` (`id`, `point`, `position_x`, `position_y`, `position_z`, `waittime`, `script_id`, `textid1`, `textid2`, `textid3`, `textid4`, `textid5`, `emote`, `spell`, `wpguid`, `orientation`, `model1`, `model2`) VALUES (2770225, 37, -8847.4, 931.856, 102.904, 0, 0, 0, 0, 0, 0, 0, 0, 0, 2770262, 1.1596, 0, 0);
REPLACE INTO `creature_movement` (`id`, `point`, `position_x`, `position_y`, `position_z`, `waittime`, `script_id`, `textid1`, `textid2`, `textid3`, `textid4`, `textid5`, `emote`, `spell`, `wpguid`, `orientation`, `model1`, `model2`) VALUES (2770225, 38, -8815.03, 955.215, 100.706, 0, 0, 0, 0, 0, 0, 0, 0, 0, 2770263, 0.653015, 0, 0);
REPLACE INTO `creature_movement` (`id`, `point`, `position_x`, `position_y`, `position_z`, `waittime`, `script_id`, `textid1`, `textid2`, `textid3`, `textid4`, `textid5`, `emote`, `spell`, `wpguid`, `orientation`, `model1`, `model2`) VALUES (2770225, 39, -8804.76, 941.219, 101.242, 0, 0, 0, 0, 0, 0, 0, 0, 0, 2770264, 5.34577, 0, 0);
REPLACE INTO `creature_movement` (`id`, `point`, `position_x`, `position_y`, `position_z`, `waittime`, `script_id`, `textid1`, `textid2`, `textid3`, `textid4`, `textid5`, `emote`, `spell`, `wpguid`, `orientation`, `model1`, `model2`) VALUES (2770225, 40, -8787.76, 918.065, 100.112, 0, 0, 0, 0, 0, 0, 0, 0, 0, 0, 5.38504, 0, 0);
REPLACE INTO `creature_movement` (`id`, `point`, `position_x`, `position_y`, `position_z`, `waittime`, `script_id`, `textid1`, `textid2`, `textid3`, `textid4`, `textid5`, `emote`, `spell`, `wpguid`, `orientation`, `model1`, `model2`) VALUES (2770225, 41, -8775.89, 905.935, 100.403, 0, 0, 0, 0, 0, 0, 0, 0, 0, 0, 5.48714, 0, 0);
REPLACE INTO `creature_movement` (`id`, `point`, `position_x`, `position_y`, `position_z`, `waittime`, `script_id`, `textid1`, `textid2`, `textid3`, `textid4`, `textid5`, `emote`, `spell`, `wpguid`, `orientation`, `model1`, `model2`) VALUES (2770225, 42, -8758.66, 889.921, 101.686, 0, 0, 0, 0, 0, 0, 0, 0, 0, 0, 5.53426, 0, 0);
REPLACE INTO `creature_movement` (`id`, `point`, `position_x`, `position_y`, `position_z`, `waittime`, `script_id`, `textid1`, `textid2`, `textid3`, `textid4`, `textid5`, `emote`, `spell`, `wpguid`, `orientation`, `model1`, `model2`) VALUES (2770225, 43, -8737.48, 892.284, 101.254, 0, 0, 0, 0, 0, 0, 0, 0, 0, 0, 0.111084, 0, 0);
REPLACE INTO `creature_movement` (`id`, `point`, `position_x`, `position_y`, `position_z`, `waittime`, `script_id`, `textid1`, `textid2`, `textid3`, `textid4`, `textid5`, `emote`, `spell`, `wpguid`, `orientation`, `model1`, `model2`) VALUES (2770225, 44, -8709.6, 858.578, 96.99, 0, 0, 0, 0, 0, 0, 0, 0, 0, 0, 5.37718, 0, 0);
REPLACE INTO `creature_movement` (`id`, `point`, `position_x`, `position_y`, `position_z`, `waittime`, `script_id`, `textid1`, `textid2`, `textid3`, `textid4`, `textid5`, `emote`, `spell`, `wpguid`, `orientation`, `model1`, `model2`) VALUES (2770225, 45, -8683.11, 877.903, 97.0166, 0, 0, 0, 0, 0, 0, 0, 0, 0, 0, 0.649088, 0, 0);
REPLACE INTO `creature_movement` (`id`, `point`, `position_x`, `position_y`, `position_z`, `waittime`, `script_id`, `textid1`, `textid2`, `textid3`, `textid4`, `textid5`, `emote`, `spell`, `wpguid`, `orientation`, `model1`, `model2`) VALUES (2770225, 46, -8651.37, 838.864, 96.7861, 15000, 0, 2000009005, 0, 0, 0, 0, 0, 0, 0, 5.37719, 0, 0);
REPLACE INTO `creature_movement` (`id`, `point`, `position_x`, `position_y`, `position_z`, `waittime`, `script_id`, `textid1`, `textid2`, `textid3`, `textid4`, `textid5`, `emote`, `spell`, `wpguid`, `orientation`, `model1`, `model2`) VALUES (2770225, 47, -8635.54, 814.624, 96.6378, 0, 0, 0, 0, 0, 0, 0, 0, 0, 0, 5.2908, 0, 0);
REPLACE INTO `creature_movement` (`id`, `point`, `position_x`, `position_y`, `position_z`, `waittime`, `script_id`, `textid1`, `textid2`, `textid3`, `textid4`, `textid5`, `emote`, `spell`, `wpguid`, `orientation`, `model1`, `model2`) VALUES (2770225, 48, -8634.46, 792.215, 96.6508, 0, 0, 0, 0, 0, 0, 0, 0, 0, 0, 4.76065, 0, 0);
REPLACE INTO `creature_movement` (`id`, `point`, `position_x`, `position_y`, `position_z`, `waittime`, `script_id`, `textid1`, `textid2`, `textid3`, `textid4`, `textid5`, `emote`, `spell`, `wpguid`, `orientation`, `model1`, `model2`) VALUES (2770225, 49, -8623.57, 777.856, 96.6508, 0, 0, 0, 0, 0, 0, 0, 0, 0, 0, 5.36148, 0, 0);
REPLACE INTO `creature_movement` (`id`, `point`, `position_x`, `position_y`, `position_z`, `waittime`, `script_id`, `textid1`, `textid2`, `textid3`, `textid4`, `textid5`, `emote`, `spell`, `wpguid`, `orientation`, `model1`, `model2`) VALUES (2770225, 50, -8623.57, 777.856, 96.6508, 0, 0, 0, 0, 0, 0, 0, 0, 0, 0, 4.82349, 0, 0);
REPLACE INTO `creature_movement` (`id`, `point`, `position_x`, `position_y`, `position_z`, `waittime`, `script_id`, `textid1`, `textid2`, `textid3`, `textid4`, `textid5`, `emote`, `spell`, `wpguid`, `orientation`, `model1`, `model2`) VALUES (2770225, 51, -8622.99, 771.863, 96.664, 10000, 0, 2000009006, 0, 0, 0, 0, 0, 0, 0, 4.80778, 0, 0);
REPLACE INTO `creature_movement` (`id`, `point`, `position_x`, `position_y`, `position_z`, `waittime`, `script_id`, `textid1`, `textid2`, `textid3`, `textid4`, `textid5`, `emote`, `spell`, `wpguid`, `orientation`, `model1`, `model2`) VALUES (2770225, 52, -8607.96, 761.925, 96.7256, 0, 0, 0, 0, 0, 0, 0, 0, 0, 0, 5.6992, 0, 0);
REPLACE INTO `creature_movement` (`id`, `point`, `position_x`, `position_y`, `position_z`, `waittime`, `script_id`, `textid1`, `textid2`, `textid3`, `textid4`, `textid5`, `emote`, `spell`, `wpguid`, `orientation`, `model1`, `model2`) VALUES (2770225, 53, -8574.56, 756.001, 96.6507, 0, 0, 0, 0, 0, 0, 0, 0, 0, 0, 6.10761, 0, 0);
REPLACE INTO `creature_movement` (`id`, `point`, `position_x`, `position_y`, `position_z`, `waittime`, `script_id`, `textid1`, `textid2`, `textid3`, `textid4`, `textid5`, `emote`, `spell`, `wpguid`, `orientation`, `model1`, `model2`) VALUES (2770225, 54, -8552.4, 766.779, 96.6507, 10000, 0, 2000009007, 0, 0, 0, 0, 0, 0, 0, 0.452739, 0, 0);
REPLACE INTO `creature_movement` (`id`, `point`, `position_x`, `position_y`, `position_z`, `waittime`, `script_id`, `textid1`, `textid2`, `textid3`, `textid4`, `textid5`, `emote`, `spell`, `wpguid`, `orientation`, `model1`, `model2`) VALUES (2770225, 54, -8552.4, 766.779, 96.6507, 10000, 2000000, 0, 0, 0, 0, 0, 0, 0, 0, 0.452739, 0, 0);

-- Orgrimmar pathing
REPLACE INTO `creature_movement` (`id`, `point`, `position_x`, `position_y`, `position_z`, `waittime`, `script_id`, `textid1`, `textid2`, `textid3`, `textid4`, `textid5`, `emote`, `spell`, `wpguid`, `orientation`, `model1`, `model2`) VALUES (2770267, 1, 1244.33, -4512.46, 21.7992, 0, 0, 0, 0, 0, 0, 0, 0, 0, 0, 2.1975, 0, 0);
REPLACE INTO `creature_movement` (`id`, `point`, `position_x`, `position_y`, `position_z`, `waittime`, `script_id`, `textid1`, `textid2`, `textid3`, `textid4`, `textid5`, `emote`, `spell`, `wpguid`, `orientation`, `model1`, `model2`) VALUES (2770267, 2, 1236.5, -4518.42, 21.2929, 0, 0, 0, 0, 0, 0, 0, 0, 0, 0, 3.79186, 0, 0);
REPLACE INTO `creature_movement` (`id`, `point`, `position_x`, `position_y`, `position_z`, `waittime`, `script_id`, `textid1`, `textid2`, `textid3`, `textid4`, `textid5`, `emote`, `spell`, `wpguid`, `orientation`, `model1`, `model2`) VALUES (2770267, 3, 1207.49, -4503.14, 22.1622, 0, 0, 0, 0, 0, 0, 0, 0, 0, 0, 2.65696, 0, 0);
REPLACE INTO `creature_movement` (`id`, `point`, `position_x`, `position_y`, `position_z`, `waittime`, `script_id`, `textid1`, `textid2`, `textid3`, `textid4`, `textid5`, `emote`, `spell`, `wpguid`, `orientation`, `model1`, `model2`) VALUES (2770267, 4, 1194.91, -4496.52, 22.7048, 0, 0, 0, 0, 0, 0, 0, 0, 0, 0, 2.65696, 0, 0);
REPLACE INTO `creature_movement` (`id`, `point`, `position_x`, `position_y`, `position_z`, `waittime`, `script_id`, `textid1`, `textid2`, `textid3`, `textid4`, `textid5`, `emote`, `spell`, `wpguid`, `orientation`, `model1`, `model2`) VALUES (2770267, 5, 1162.27, -4473.54, 21.4433, 0, 0, 0, 0, 0, 0, 0, 0, 0, 0, 2.52344, 0, 0);
REPLACE INTO `creature_movement` (`id`, `point`, `position_x`, `position_y`, `position_z`, `waittime`, `script_id`, `textid1`, `textid2`, `textid3`, `textid4`, `textid5`, `emote`, `spell`, `wpguid`, `orientation`, `model1`, `model2`) VALUES (2770267, 6, 1141.13, -4443.61, 22.7206, 0, 0, 0, 0, 0, 0, 0, 0, 0, 0, 2.18572, 0, 0);
REPLACE INTO `creature_movement` (`id`, `point`, `position_x`, `position_y`, `position_z`, `waittime`, `script_id`, `textid1`, `textid2`, `textid3`, `textid4`, `textid5`, `emote`, `spell`, `wpguid`, `orientation`, `model1`, `model2`) VALUES (2770267, 7, 1122.53, -4417.24, 20.8341, 0, 0, 0, 0, 0, 0, 0, 0, 0, 0, 2.18179, 0, 0);
REPLACE INTO `creature_movement` (`id`, `point`, `position_x`, `position_y`, `position_z`, `waittime`, `script_id`, `textid1`, `textid2`, `textid3`, `textid4`, `textid5`, `emote`, `spell`, `wpguid`, `orientation`, `model1`, `model2`) VALUES (2770267, 8, 1179.17, -4407.87, 21.7273, 0, 0, 0, 0, 0, 0, 0, 0, 0, 0, 0.163317, 0, 0);
REPLACE INTO `creature_movement` (`id`, `point`, `position_x`, `position_y`, `position_z`, `waittime`, `script_id`, `textid1`, `textid2`, `textid3`, `textid4`, `textid5`, `emote`, `spell`, `wpguid`, `orientation`, `model1`, `model2`) VALUES (2770267, 9, 1216.9, -4425.34, 21.5643, 0, 0, 0, 0, 0, 0, 0, 0, 0, 0, 5.8496, 0, 0);
REPLACE INTO `creature_movement` (`id`, `point`, `position_x`, `position_y`, `position_z`, `waittime`, `script_id`, `textid1`, `textid2`, `textid3`, `textid4`, `textid5`, `emote`, `spell`, `wpguid`, `orientation`, `model1`, `model2`) VALUES (2770267, 10, 1255.95, -4417.16, 24.5794, 0, 0, 0, 0, 0, 0, 0, 0, 0, 0, 0.214366, 0, 0);
REPLACE INTO `creature_movement` (`id`, `point`, `position_x`, `position_y`, `position_z`, `waittime`, `script_id`, `textid1`, `textid2`, `textid3`, `textid4`, `textid5`, `emote`, `spell`, `wpguid`, `orientation`, `model1`, `model2`) VALUES (2770267, 11, 1274.92, -4397.44, 26.3148, 0, 0, 0, 0, 0, 0, 0, 0, 0, 0, 0.685605, 0, 0);
REPLACE INTO `creature_movement` (`id`, `point`, `position_x`, `position_y`, `position_z`, `waittime`, `script_id`, `textid1`, `textid2`, `textid3`, `textid4`, `textid5`, `emote`, `spell`, `wpguid`, `orientation`, `model1`, `model2`) VALUES (2770267, 12, 1317.14, -4385.97, 26.2411, 10000, 0, 2000009008, 0, 0, 0, 0, 0, 0, 0, 0.265417, 0, 0);
REPLACE INTO `creature_movement` (`id`, `point`, `position_x`, `position_y`, `position_z`, `waittime`, `script_id`, `textid1`, `textid2`, `textid3`, `textid4`, `textid5`, `emote`, `spell`, `wpguid`, `orientation`, `model1`, `model2`) VALUES (2770267, 13, 1366.38, -4371.18, 26.0704, 0, 0, 0, 0, 0, 0, 0, 0, 0, 0, 0.277198, 0, 0);
REPLACE INTO `creature_movement` (`id`, `point`, `position_x`, `position_y`, `position_z`, `waittime`, `script_id`, `textid1`, `textid2`, `textid3`, `textid4`, `textid5`, `emote`, `spell`, `wpguid`, `orientation`, `model1`, `model2`) VALUES (2770267, 14, 1400.03, -4366.98, 25.2356, 0, 0, 0, 0, 0, 0, 0, 0, 0, 0, 0.124046, 0, 0);
REPLACE INTO `creature_movement` (`id`, `point`, `position_x`, `position_y`, `position_z`, `waittime`, `script_id`, `textid1`, `textid2`, `textid3`, `textid4`, `textid5`, `emote`, `spell`, `wpguid`, `orientation`, `model1`, `model2`) VALUES (2770267, 15, 1429.31, -4363.33, 25.2356, 0, 0, 0, 0, 0, 0, 0, 0, 0, 0, 0.124046, 0, 0);
REPLACE INTO `creature_movement` (`id`, `point`, `position_x`, `position_y`, `position_z`, `waittime`, `script_id`, `textid1`, `textid2`, `textid3`, `textid4`, `textid5`, `emote`, `spell`, `wpguid`, `orientation`, `model1`, `model2`) VALUES (2770267, 16, 1436.31, -4421.4, 25.2356, 0, 0, 0, 0, 0, 0, 0, 0, 0, 0, 4.80895, 0, 0);
REPLACE INTO `creature_movement` (`id`, `point`, `position_x`, `position_y`, `position_z`, `waittime`, `script_id`, `textid1`, `textid2`, `textid3`, `textid4`, `textid5`, `emote`, `spell`, `wpguid`, `orientation`, `model1`, `model2`) VALUES (2770267, 17, 1482.78, -4414.12, 24.826, 10000, 0, 2000009009, 0, 0, 0, 0, 0, 0, 0, 0.155461, 0, 0);
REPLACE INTO `creature_movement` (`id`, `point`, `position_x`, `position_y`, `position_z`, `waittime`, `script_id`, `textid1`, `textid2`, `textid3`, `textid4`, `textid5`, `emote`, `spell`, `wpguid`, `orientation`, `model1`, `model2`) VALUES (2770267, 18, 1505.73, -4413.43, 20.4772, 0, 0, 0, 0, 0, 0, 0, 0, 0, 0, 0.080847, 0, 0);
REPLACE INTO `creature_movement` (`id`, `point`, `position_x`, `position_y`, `position_z`, `waittime`, `script_id`, `textid1`, `textid2`, `textid3`, `textid4`, `textid5`, `emote`, `spell`, `wpguid`, `orientation`, `model1`, `model2`) VALUES (2770267, 19, 1555.38, -4416.3, 8.38652, 0, 0, 0, 0, 0, 0, 0, 0, 0, 0, 6.21481, 0, 0);
REPLACE INTO `creature_movement` (`id`, `point`, `position_x`, `position_y`, `position_z`, `waittime`, `script_id`, `textid1`, `textid2`, `textid3`, `textid4`, `textid5`, `emote`, `spell`, `wpguid`, `orientation`, `model1`, `model2`) VALUES (2770267, 20, 1572.83, -4417.56, 6.98616, 0, 0, 0, 0, 0, 0, 0, 0, 0, 0, 0.854464, 0, 0);
REPLACE INTO `creature_movement` (`id`, `point`, `position_x`, `position_y`, `position_z`, `waittime`, `script_id`, `textid1`, `textid2`, `textid3`, `textid4`, `textid5`, `emote`, `spell`, `wpguid`, `orientation`, `model1`, `model2`) VALUES (2770267, 21, 1584.65, -4403.25, 5.30319, 0, 0, 0, 0, 0, 0, 0, 0, 0, 0, 0.426421, 0, 0);
REPLACE INTO `creature_movement` (`id`, `point`, `position_x`, `position_y`, `position_z`, `waittime`, `script_id`, `textid1`, `textid2`, `textid3`, `textid4`, `textid5`, `emote`, `spell`, `wpguid`, `orientation`, `model1`, `model2`) VALUES (2770267, 22, 1603.88, -4394.08, 9.61461, 10000, 0, 2000009010, 0, 0, 0, 0, 0, 0, 0, 0.504961, 0, 0);
REPLACE INTO `creature_movement` (`id`, `point`, `position_x`, `position_y`, `position_z`, `waittime`, `script_id`, `textid1`, `textid2`, `textid3`, `textid4`, `textid5`, `emote`, `spell`, `wpguid`, `orientation`, `model1`, `model2`) VALUES (2770267, 23, 1620.46, -4399.68, 11.9765, 0, 0, 0, 0, 0, 0, 0, 0, 0, 0, 5.95955, 0, 0);
REPLACE INTO `creature_movement` (`id`, `point`, `position_x`, `position_y`, `position_z`, `waittime`, `script_id`, `textid1`, `textid2`, `textid3`, `textid4`, `textid5`, `emote`, `spell`, `wpguid`, `orientation`, `model1`, `model2`) VALUES (2770267, 24, 1655.2, -4411.34, 16.923, 0, 0, 0, 0, 0, 0, 0, 0, 0, 0, 5.95955, 0, 0);
REPLACE INTO `creature_movement` (`id`, `point`, `position_x`, `position_y`, `position_z`, `waittime`, `script_id`, `textid1`, `textid2`, `textid3`, `textid4`, `textid5`, `emote`, `spell`, `wpguid`, `orientation`, `model1`, `model2`) VALUES (2770267, 25, 1677.08, -4401.29, 19.5501, 0, 0, 0, 0, 0, 0, 0, 0, 0, 0, 0.430344, 0, 0);
REPLACE INTO `creature_movement` (`id`, `point`, `position_x`, `position_y`, `position_z`, `waittime`, `script_id`, `textid1`, `textid2`, `textid3`, `textid4`, `textid5`, `emote`, `spell`, `wpguid`, `orientation`, `model1`, `model2`) VALUES (2770267, 26, 1670.89, -4389.09, 21.7659, 0, 0, 0, 0, 0, 0, 0, 0, 0, 0, 2.15822, 0, 0);
REPLACE INTO `creature_movement` (`id`, `point`, `position_x`, `position_y`, `position_z`, `waittime`, `script_id`, `textid1`, `textid2`, `textid3`, `textid4`, `textid5`, `emote`, `spell`, `wpguid`, `orientation`, `model1`, `model2`) VALUES (2770267, 27, 1653.74, -4363.76, 23.2412, 0, 0, 0, 0, 0, 0, 0, 0, 0, 0, 2.06005, 0, 0);
REPLACE INTO `creature_movement` (`id`, `point`, `position_x`, `position_y`, `position_z`, `waittime`, `script_id`, `textid1`, `textid2`, `textid3`, `textid4`, `textid5`, `emote`, `spell`, `wpguid`, `orientation`, `model1`, `model2`) VALUES (2770267, 28, 1662.89, -4349.51, 30.5582, 0, 0, 0, 0, 0, 0, 0, 0, 0, 0, 0.999758, 0, 0);
REPLACE INTO `creature_movement` (`id`, `point`, `position_x`, `position_y`, `position_z`, `waittime`, `script_id`, `textid1`, `textid2`, `textid3`, `textid4`, `textid5`, `emote`, `spell`, `wpguid`, `orientation`, `model1`, `model2`) VALUES (2770267, 29, 1668.07, -4341.77, 32.3202, 0, 0, 0, 0, 0, 0, 0, 0, 0, 0, 1.20396, 0, 0);
REPLACE INTO `creature_movement` (`id`, `point`, `position_x`, `position_y`, `position_z`, `waittime`, `script_id`, `textid1`, `textid2`, `textid3`, `textid4`, `textid5`, `emote`, `spell`, `wpguid`, `orientation`, `model1`, `model2`) VALUES (2770267, 30, 1669.27, -4331.48, 34.0514, 0, 0, 0, 0, 0, 0, 0, 0, 0, 0, 0.34395, 0, 0);
REPLACE INTO `creature_movement` (`id`, `point`, `position_x`, `position_y`, `position_z`, `waittime`, `script_id`, `textid1`, `textid2`, `textid3`, `textid4`, `textid5`, `emote`, `spell`, `wpguid`, `orientation`, `model1`, `model2`) VALUES (2770267, 31, 1677.48, -4331.06, 36.2824, 0, 0, 0, 0, 0, 0, 0, 0, 0, 0, 0.025864, 0, 0);
REPLACE INTO `creature_movement` (`id`, `point`, `position_x`, `position_y`, `position_z`, `waittime`, `script_id`, `textid1`, `textid2`, `textid3`, `textid4`, `textid5`, `emote`, `spell`, `wpguid`, `orientation`, `model1`, `model2`) VALUES (2770267, 32, 1680.16, -4336.45, 37.8375, 0, 0, 0, 0, 0, 0, 0, 0, 0, 0, 5.182, 0, 0);
REPLACE INTO `creature_movement` (`id`, `point`, `position_x`, `position_y`, `position_z`, `waittime`, `script_id`, `textid1`, `textid2`, `textid3`, `textid4`, `textid5`, `emote`, `spell`, `wpguid`, `orientation`, `model1`, `model2`) VALUES (2770267, 33, 1675.79, -4340.98, 39.4879, 0, 0, 0, 0, 0, 0, 0, 0, 0, 0, 3.95678, 0, 0);
REPLACE INTO `creature_movement` (`id`, `point`, `position_x`, `position_y`, `position_z`, `waittime`, `script_id`, `textid1`, `textid2`, `textid3`, `textid4`, `textid5`, `emote`, `spell`, `wpguid`, `orientation`, `model1`, `model2`) VALUES (2770267, 34, 1669.88, -4338.92, 41.3708, 0, 0, 0, 0, 0, 0, 0, 0, 0, 0, 2.79832, 0, 0);
REPLACE INTO `creature_movement` (`id`, `point`, `position_x`, `position_y`, `position_z`, `waittime`, `script_id`, `textid1`, `textid2`, `textid3`, `textid4`, `textid5`, `emote`, `spell`, `wpguid`, `orientation`, `model1`, `model2`) VALUES (2770267, 35, 1669.5, -4334.03, 43.0033, 0, 0, 0, 0, 0, 0, 0, 0, 0, 0, 1.64771, 0, 0);
REPLACE INTO `creature_movement` (`id`, `point`, `position_x`, `position_y`, `position_z`, `waittime`, `script_id`, `textid1`, `textid2`, `textid3`, `textid4`, `textid5`, `emote`, `spell`, `wpguid`, `orientation`, `model1`, `model2`) VALUES (2770267, 36, 1674.07, -4330.64, 44.8689, 0, 0, 0, 0, 0, 0, 0, 0, 0, 0, 0.638476, 0, 0);
REPLACE INTO `creature_movement` (`id`, `point`, `position_x`, `position_y`, `position_z`, `waittime`, `script_id`, `textid1`, `textid2`, `textid3`, `textid4`, `textid5`, `emote`, `spell`, `wpguid`, `orientation`, `model1`, `model2`) VALUES (2770267, 37, 1678.09, -4334.39, 46.7027, 0, 0, 0, 0, 0, 0, 0, 0, 0, 0, 5.53151, 0, 0);
REPLACE INTO `creature_movement` (`id`, `point`, `position_x`, `position_y`, `position_z`, `waittime`, `script_id`, `textid1`, `textid2`, `textid3`, `textid4`, `textid5`, `emote`, `spell`, `wpguid`, `orientation`, `model1`, `model2`) VALUES (2770267, 38, 1676.27, -4339.54, 48.703, 0, 0, 0, 0, 0, 0, 0, 0, 0, 0, 4.37305, 0, 0);
REPLACE INTO `creature_movement` (`id`, `point`, `position_x`, `position_y`, `position_z`, `waittime`, `script_id`, `textid1`, `textid2`, `textid3`, `textid4`, `textid5`, `emote`, `spell`, `wpguid`, `orientation`, `model1`, `model2`) VALUES (2770267, 39, 1670.31, -4338.73, 50.8552, 0, 0, 0, 0, 0, 0, 0, 0, 0, 0, 3.00646, 0, 0);
REPLACE INTO `creature_movement` (`id`, `point`, `position_x`, `position_y`, `position_z`, `waittime`, `script_id`, `textid1`, `textid2`, `textid3`, `textid4`, `textid5`, `emote`, `spell`, `wpguid`, `orientation`, `model1`, `model2`) VALUES (2770267, 40, 1669.69, -4331.65, 53.1199, 0, 0, 0, 0, 0, 0, 0, 0, 0, 0, 1.66342, 0, 0);
REPLACE INTO `creature_movement` (`id`, `point`, `position_x`, `position_y`, `position_z`, `waittime`, `script_id`, `textid1`, `textid2`, `textid3`, `textid4`, `textid5`, `emote`, `spell`, `wpguid`, `orientation`, `model1`, `model2`) VALUES (2770267, 41, 1677.08, -4329.79, 55.1378, 0, 0, 0, 0, 0, 0, 0, 0, 0, 0, 5.79462, 0, 0);
REPLACE INTO `creature_movement` (`id`, `point`, `position_x`, `position_y`, `position_z`, `waittime`, `script_id`, `textid1`, `textid2`, `textid3`, `textid4`, `textid5`, `emote`, `spell`, `wpguid`, `orientation`, `model1`, `model2`) VALUES (2770267, 42, 1679.29, -4337.12, 57.1495, 0, 0, 0, 0, 0, 0, 0, 0, 0, 0, 5.0053, 0, 0);
REPLACE INTO `creature_movement` (`id`, `point`, `position_x`, `position_y`, `position_z`, `waittime`, `script_id`, `textid1`, `textid2`, `textid3`, `textid4`, `textid5`, `emote`, `spell`, `wpguid`, `orientation`, `model1`, `model2`) VALUES (2770267, 43, 1674.06, -4340.1, 59.032, 0, 0, 0, 0, 0, 0, 0, 0, 0, 0, 3.65834, 0, 0);
REPLACE INTO `creature_movement` (`id`, `point`, `position_x`, `position_y`, `position_z`, `waittime`, `script_id`, `textid1`, `textid2`, `textid3`, `textid4`, `textid5`, `emote`, `spell`, `wpguid`, `orientation`, `model1`, `model2`) VALUES (2770267, 44, 1667.34, -4335.41, 61.1433, 0, 0, 0, 0, 0, 0, 0, 0, 0, 0, 2.53129, 0, 0);
REPLACE INTO `creature_movement` (`id`, `point`, `position_x`, `position_y`, `position_z`, `waittime`, `script_id`, `textid1`, `textid2`, `textid3`, `textid4`, `textid5`, `emote`, `spell`, `wpguid`, `orientation`, `model1`, `model2`) VALUES (2770267, 45, 1671.7, -4324.82, 61.2464, 10000, 0, 2000009011, 0, 0, 0, 0, 0, 0, 0, 1.18041, 0, 0);
REPLACE INTO `creature_movement` (`id`, `point`, `position_x`, `position_y`, `position_z`, `waittime`, `script_id`, `textid1`, `textid2`, `textid3`, `textid4`, `textid5`, `emote`, `spell`, `wpguid`, `orientation`, `model1`, `model2`) VALUES (2770267, 46, 1669.88, -4320.24, 61.2464, 0, 0, 0, 0, 0, 0, 0, 0, 0, 0, 1.95009, 0, 0);
REPLACE INTO `creature_movement` (`id`, `point`, `position_x`, `position_y`, `position_z`, `waittime`, `script_id`, `textid1`, `textid2`, `textid3`, `textid4`, `textid5`, `emote`, `spell`, `wpguid`, `orientation`, `model1`, `model2`) VALUES (2770267, 47, 1670.69, -4295.65, 53.0235, 0, 0, 0, 0, 0, 0, 0, 0, 0, 0, 1.53776, 0, 0);
REPLACE INTO `creature_movement` (`id`, `point`, `position_x`, `position_y`, `position_z`, `waittime`, `script_id`, `textid1`, `textid2`, `textid3`, `textid4`, `textid5`, `emote`, `spell`, `wpguid`, `orientation`, `model1`, `model2`) VALUES (2770267, 48, 1671.13, -4280.36, 51.071, 0, 0, 0, 0, 0, 0, 0, 0, 0, 0, 1.54169, 0, 0);
REPLACE INTO `creature_movement` (`id`, `point`, `position_x`, `position_y`, `position_z`, `waittime`, `script_id`, `textid1`, `textid2`, `textid3`, `textid4`, `textid5`, `emote`, `spell`, `wpguid`, `orientation`, `model1`, `model2`) VALUES (2770267, 49, 1672.8, -4259.64, 51.605, 0, 0, 0, 0, 0, 0, 0, 0, 0, 0, 1.49064, 0, 0);
REPLACE INTO `creature_movement` (`id`, `point`, `position_x`, `position_y`, `position_z`, `waittime`, `script_id`, `textid1`, `textid2`, `textid3`, `textid4`, `textid5`, `emote`, `spell`, `wpguid`, `orientation`, `model1`, `model2`) VALUES (2770267, 50, 1672.97, -4253.62, 51.2309, 10000, 0, 2000009012, 0, 0, 0, 0, 0, 0, 0, 1.54169, 0, 0);
REPLACE INTO `creature_movement` (`id`, `point`, `position_x`, `position_y`, `position_z`, `waittime`, `script_id`, `textid1`, `textid2`, `textid3`, `textid4`, `textid5`, `emote`, `spell`, `wpguid`, `orientation`, `model1`, `model2`) VALUES (2770267, 51, 1663.17, -4258.43, 51.1152, 0, 0, 0, 0, 0, 0, 0, 0, 0, 0, 3.60336, 0, 0);
REPLACE INTO `creature_movement` (`id`, `point`, `position_x`, `position_y`, `position_z`, `waittime`, `script_id`, `textid1`, `textid2`, `textid3`, `textid4`, `textid5`, `emote`, `spell`, `wpguid`, `orientation`, `model1`, `model2`) VALUES (2770267, 52, 1650.62, -4267.23, 49.6098, 0, 0, 0, 0, 0, 0, 0, 0, 0, 0, 3.75258, 0, 0);
REPLACE INTO `creature_movement` (`id`, `point`, `position_x`, `position_y`, `position_z`, `waittime`, `script_id`, `textid1`, `textid2`, `textid3`, `textid4`, `textid5`, `emote`, `spell`, `wpguid`, `orientation`, `model1`, `model2`) VALUES (2770267, 53, 1638.22, -4273.03, 47.3791, 0, 0, 0, 0, 0, 0, 0, 0, 0, 0, 3.57979, 0, 0);
REPLACE INTO `creature_movement` (`id`, `point`, `position_x`, `position_y`, `position_z`, `waittime`, `script_id`, `textid1`, `textid2`, `textid3`, `textid4`, `textid5`, `emote`, `spell`, `wpguid`, `orientation`, `model1`, `model2`) VALUES (2770267, 54, 1620.31, -4262.49, 46.2962, 0, 0, 0, 0, 0, 0, 0, 0, 0, 0, 2.60983, 0, 0);
REPLACE INTO `creature_movement` (`id`, `point`, `position_x`, `position_y`, `position_z`, `waittime`, `script_id`, `textid1`, `textid2`, `textid3`, `textid4`, `textid5`, `emote`, `spell`, `wpguid`, `orientation`, `model1`, `model2`) VALUES (2770267, 55, 1623.33, -4259.33, 47.7439, 00000, 0, 2000009013, 0, 0, 0, 0, 0, 0, 0, 0.807338, 0, 0);
REPLACE INTO `creature_movement` (`id`, `point`, `position_x`, `position_y`, `position_z`, `waittime`, `script_id`, `textid1`, `textid2`, `textid3`, `textid4`, `textid5`, `emote`, `spell`, `wpguid`, `orientation`, `model1`, `model2`) VALUES (2770267, 56, 1606.12, -4245.83, 45.1393, 0, 0, 0, 0, 0, 0, 0, 0, 0, 0, 2.47631, 0, 0);
REPLACE INTO `creature_movement` (`id`, `point`, `position_x`, `position_y`, `position_z`, `waittime`, `script_id`, `textid1`, `textid2`, `textid3`, `textid4`, `textid5`, `emote`, `spell`, `wpguid`, `orientation`, `model1`, `model2`) VALUES (2770267, 57, 1583.78, -4217.49, 43.5808, 0, 0, 0, 0, 0, 0, 0, 0, 0, 0, 2.25247, 0, 0);
REPLACE INTO `creature_movement` (`id`, `point`, `position_x`, `position_y`, `position_z`, `waittime`, `script_id`, `textid1`, `textid2`, `textid3`, `textid4`, `textid5`, `emote`, `spell`, `wpguid`, `orientation`, `model1`, `model2`) VALUES (2770267, 58, 1581.51, -4207.35, 42.2428, 10000, 0, 2000009014, 0, 0, 0, 0, 0, 0, 0, 1.8048, 0, 0);
REPLACE INTO `creature_movement` (`id`, `point`, `position_x`, `position_y`, `position_z`, `waittime`, `script_id`, `textid1`, `textid2`, `textid3`, `textid4`, `textid5`, `emote`, `spell`, `wpguid`, `orientation`, `model1`, `model2`) VALUES (2770267, 59, 1575.18, -4189.92, 40.4937, 0, 0, 0, 0, 0, 0, 0, 0, 0, 0, 1.9658, 0, 0);
REPLACE INTO `creature_movement` (`id`, `point`, `position_x`, `position_y`, `position_z`, `waittime`, `script_id`, `textid1`, `textid2`, `textid3`, `textid4`, `textid5`, `emote`, `spell`, `wpguid`, `orientation`, `model1`, `model2`) VALUES (2770267, 60, 1569.72, -4183.09, 41.1651, 10000, 0, 2000009015, 0, 0, 0, 0, 0, 0, 0, 2.31531, 0, 0);
REPLACE INTO `creature_movement` (`id`, `point`, `position_x`, `position_y`, `position_z`, `waittime`, `script_id`, `textid1`, `textid2`, `textid3`, `textid4`, `textid5`, `emote`, `spell`, `wpguid`, `orientation`, `model1`, `model2`) VALUES (2770267, 61, 1570.55, -4164.52, 38.7279, 0, 0, 0, 0, 0, 0, 0, 0, 0, 0, 1.52598, 0, 0);
REPLACE INTO `creature_movement` (`id`, `point`, `position_x`, `position_y`, `position_z`, `waittime`, `script_id`, `textid1`, `textid2`, `textid3`, `textid4`, `textid5`, `emote`, `spell`, `wpguid`, `orientation`, `model1`, `model2`) VALUES (2770267, 62, 1566.51, -4153.78, 38.2025, 0, 0, 0, 0, 0, 0, 0, 0, 0, 0, 1.93439, 0, 0);
REPLACE INTO `creature_movement` (`id`, `point`, `position_x`, `position_y`, `position_z`, `waittime`, `script_id`, `textid1`, `textid2`, `textid3`, `textid4`, `textid5`, `emote`, `spell`, `wpguid`, `orientation`, `model1`, `model2`) VALUES (2770267, 63, 1555.65, -4154.96, 39.1551, 0, 0, 0, 0, 0, 0, 0, 0, 0, 0, 3.24993, 0, 0);
REPLACE INTO `creature_movement` (`id`, `point`, `position_x`, `position_y`, `position_z`, `waittime`, `script_id`, `textid1`, `textid2`, `textid3`, `textid4`, `textid5`, `emote`, `spell`, `wpguid`, `orientation`, `model1`, `model2`) VALUES (2770267, 64, 1552.02, -4153.67, 39.7535, 0, 0, 0, 0, 0, 0, 0, 0, 0, 0, 2.79833, 0, 0);
REPLACE INTO `creature_movement` (`id`, `point`, `position_x`, `position_y`, `position_z`, `waittime`, `script_id`, `textid1`, `textid2`, `textid3`, `textid4`, `textid5`, `emote`, `spell`, `wpguid`, `orientation`, `model1`, `model2`) VALUES (2770267, 65, 1548.93, -4152.56, 40.4002, 0, 0, 0, 0, 0, 0, 0, 0, 0, 0, 2.24069, 0, 0);
REPLACE INTO `creature_movement` (`id`, `point`, `position_x`, `position_y`, `position_z`, `waittime`, `script_id`, `textid1`, `textid2`, `textid3`, `textid4`, `textid5`, `emote`, `spell`, `wpguid`, `orientation`, `model1`, `model2`) VALUES (2770267, 66, 1546.34, -4149.71, 40.5704, 10000, 0, 2000009016, 0, 0, 0, 0, 0, 0, 0, 2.30745, 0, 0);
REPLACE INTO `creature_movement` (`id`, `point`, `position_x`, `position_y`, `position_z`, `waittime`, `script_id`, `textid1`, `textid2`, `textid3`, `textid4`, `textid5`, `emote`, `spell`, `wpguid`, `orientation`, `model1`, `model2`) VALUES (2770267, 67, 1546.34, -4149.71, 40.5704, 20000, 2000000, 0, 0, 0, 0, 0, 0, 0, 0, 2.30745, 0, 0);

REPLACE INTO `gameobject_template` (`entry`, `type`, `displayId`, `name`, `faction`, `flags`, `size`, `data0`, `data1`, `data2`, `data3`, `data4`, `data5`, `data6`, `data7`, `data8`, `data9`, `data10`, `data11`, `data12`, `data13`, `data14`, `data15`, `data16`, `data17`, `data18`, `data19`, `data20`, `data21`, `data22`, `data23`, `mingold`, `maxgold`, `ScriptName`) VALUES (3100025, 5, 6333, 'RIP', 0, 0, 0.35, 0, 0, 0, 1, 0, 0, 0, 0, 0, 0, 0, 0, 0, 0, 0, 0, 0, 0, 0, 0, 0, 0, 0, 0, 0, 0, '');
REPLACE INTO `gameobject_template` (`entry`, `type`, `displayId`, `name`, `faction`, `flags`, `size`, `data0`, `data1`, `data2`, `data3`, `data4`, `data5`, `data6`, `data7`, `data8`, `data9`, `data10`, `data11`, `data12`, `data13`, `data14`, `data15`, `data16`, `data17`, `data18`, `data19`, `data20`, `data21`, `data22`, `data23`, `mingold`, `maxgold`, `ScriptName`) VALUES (3100026, 5, 428, 'Whisp', 0, 0, 1, 0, 0, 0, 0, 0, 0, 0, 0, 0, 0, 0, 0, 0, 0, 0, 0, 0, 0, 0, 0, 0, 0, 0, 0, 0, 0, '');
REPLACE INTO `gameobject_template` (`entry`, `type`, `displayId`, `name`, `faction`, `flags`, `size`, `data0`, `data1`, `data2`, `data3`, `data4`, `data5`, `data6`, `data7`, `data8`, `data9`, `data10`, `data11`, `data12`, `data13`, `data14`, `data15`, `data16`, `data17`, `data18`, `data19`, `data20`, `data21`, `data22`, `data23`, `mingold`, `maxgold`, `ScriptName`) VALUES (3100027, 5, 250, 'Whisp other', 0, 0, 0.5, 0, 0, 0, 0, 0, 0, 0, 0, 0, 0, 0, 0, 0, 0, 0, 0, 0, 0, 0, 0, 0, 0, 0, 0, 0, 0, '');


REPLACE INTO `gameobject` (`guid`, `id`, `map`, `position_x`, `position_y`, `position_z`, `orientation`, `rotation0`, `rotation1`, `rotation2`, `rotation3`, `spawntimesecs`, `animprogress`, `state`, `spawnFlags`, `visibilitymod`) VALUES (4416591, 3100027, 0, -8550.3, 770.285, 96.6507, 0.495956, 0, 0, 0.245444, 0.969411, 25, 100, 1, 0, 0);
REPLACE INTO `gameobject` (`guid`, `id`, `map`, `position_x`, `position_y`, `position_z`, `orientation`, `rotation0`, `rotation1`, `rotation2`, `rotation3`, `spawntimesecs`, `animprogress`, `state`, `spawnFlags`, `visibilitymod`) VALUES (4416592, 3100027, 0, -8547.82, 767.065, 96.6507, 0.655392, 0, 0, 0.321862, 0.946786, 25, 100, 1, 0, 0);
REPLACE INTO `gameobject` (`guid`, `id`, `map`, `position_x`, `position_y`, `position_z`, `orientation`, `rotation0`, `rotation1`, `rotation2`, `rotation3`, `spawntimesecs`, `animprogress`, `state`, `spawnFlags`, `visibilitymod`) VALUES (4416560, 3100025, 0, -8549.09, 768.649, 97, 0.656947, 0, 0, 0.322599, 0.946536, 25, 100, 1, 0, 0);
REPLACE INTO `gameobject` (`guid`, `id`, `map`, `position_x`, `position_y`, `position_z`, `orientation`, `rotation0`, `rotation1`, `rotation2`, `rotation3`, `spawntimesecs`, `animprogress`, `state`, `spawnFlags`, `visibilitymod`) VALUES (4416564, 181103, 0, -8551.54, 769.417, 96.651, 0.705642, 0, 0, 0.345546, 0.938402, 25, 100, 1, 0, 0);
REPLACE INTO `gameobject` (`guid`, `id`, `map`, `position_x`, `position_y`, `position_z`, `orientation`, `rotation0`, `rotation1`, `rotation2`, `rotation3`, `spawntimesecs`, `animprogress`, `state`, `spawnFlags`, `visibilitymod`) VALUES (4416565, 181103, 0, -8549.58, 770.427, 96.651, 0.375775, 0, 0, 0.186784, 0.982401, 25, 100, 1, 0, 0);
REPLACE INTO `gameobject` (`guid`, `id`, `map`, `position_x`, `position_y`, `position_z`, `orientation`, `rotation0`, `rotation1`, `rotation2`, `rotation3`, `spawntimesecs`, `animprogress`, `state`, `spawnFlags`, `visibilitymod`) VALUES (4416566, 181103, 0, -8547.3, 766.4, 96.651, 2.26858, 0, 0, 0.906235, 0.422774, 25, 100, 1, 0, 0);
REPLACE INTO `gameobject` (`guid`, `id`, `map`, `position_x`, `position_y`, `position_z`, `orientation`, `rotation0`, `rotation1`, `rotation2`, `rotation3`, `spawntimesecs`, `animprogress`, `state`, `spawnFlags`, `visibilitymod`) VALUES (4416567, 181103, 0, -8547.85, 768.622, 96.651, 4.73474, 0, 0, 0.699161, -0.714964, 25, 100, 1, 0, 0);
REPLACE INTO `gameobject` (`guid`, `id`, `map`, `position_x`, `position_y`, `position_z`, `orientation`, `rotation0`, `rotation1`, `rotation2`, `rotation3`, `spawntimesecs`, `animprogress`, `state`, `spawnFlags`, `visibilitymod`) VALUES (4416568, 181103, 0, -8548.92, 766.073, 96.651, 2.45316, 0, 0, 0.94134, 0.33746, 25, 100, 1, 0, 0);
REPLACE INTO `gameobject` (`guid`, `id`, `map`, `position_x`, `position_y`, `position_z`, `orientation`, `rotation0`, `rotation1`, `rotation2`, `rotation3`, `spawntimesecs`, `animprogress`, `state`, `spawnFlags`, `visibilitymod`) VALUES (4416569, 181103, 0, -8548.34, 766.616, 96.651, 0.360072, 0, 0, 0.179065, 0.983837, 25, 100, 1, 0, 0);
REPLACE INTO `gameobject` (`guid`, `id`, `map`, `position_x`, `position_y`, `position_z`, `orientation`, `rotation0`, `rotation1`, `rotation2`, `rotation3`, `spawntimesecs`, `animprogress`, `state`, `spawnFlags`, `visibilitymod`) VALUES (4416570, 181103, 0, -8550.34, 769.148, 96.651, 1.43999, 0, 0, 0.659382, 0.751808, 25, 100, 1, 0, 0);
REPLACE INTO `gameobject` (`guid`, `id`, `map`, `position_x`, `position_y`, `position_z`, `orientation`, `rotation0`, `rotation1`, `rotation2`, `rotation3`, `spawntimesecs`, `animprogress`, `state`, `spawnFlags`, `visibilitymod`) VALUES (4416571, 181103, 0, -8547.48, 767.441, 96.651, 2.2843, 0, 0, 0.909529, 0.415641, 25, 100, 1, 0, 0);
REPLACE INTO `gameobject` (`guid`, `id`, `map`, `position_x`, `position_y`, `position_z`, `orientation`, `rotation0`, `rotation1`, `rotation2`, `rotation3`, `spawntimesecs`, `animprogress`, `state`, `spawnFlags`, `visibilitymod`) VALUES (4416572, 181103, 0, -8548.76, 770.57, 96.9731, 3.82368, 0, 0, 0.942406, -0.334471, 25, 100, 1, 0, 0);
REPLACE INTO `gameobject` (`guid`, `id`, `map`, `position_x`, `position_y`, `position_z`, `orientation`, `rotation0`, `rotation1`, `rotation2`, `rotation3`, `spawntimesecs`, `animprogress`, `state`, `spawnFlags`, `visibilitymod`) VALUES (4416573, 181103, 0, -8546.62, 768.047, 96.976, 2.69663, 0, 0, 0.975353, 0.220649, 25, 100, 1, 0, 0);
REPLACE INTO `gameobject` (`guid`, `id`, `map`, `position_x`, `position_y`, `position_z`, `orientation`, `rotation0`, `rotation1`, `rotation2`, `rotation3`, `spawntimesecs`, `animprogress`, `state`, `spawnFlags`, `visibilitymod`) VALUES (4416574, 181103, 0, -8545.87, 769.461, 97.0185, 4.3499, 0, 0, 0.822984, -0.568064, 25, 100, 1, 0, 0);
REPLACE INTO `gameobject` (`guid`, `id`, `map`, `position_x`, `position_y`, `position_z`, `orientation`, `rotation0`, `rotation1`, `rotation2`, `rotation3`, `spawntimesecs`, `animprogress`, `state`, `spawnFlags`, `visibilitymod`) VALUES (4416575, 181103, 0, -8549.25, 766.859, 96.6509, 0.682086, 0, 0, 0.33447, 0.942406, 25, 100, 1, 0, 0);
REPLACE INTO `gameobject` (`guid`, `id`, `map`, `position_x`, `position_y`, `position_z`, `orientation`, `rotation0`, `rotation1`, `rotation2`, `rotation3`, `spawntimesecs`, `animprogress`, `state`, `spawnFlags`, `visibilitymod`) VALUES (4416576, 181103, 0, -8548.48, 770.011, 96.851, 2.4139, 0, 0, 0.934534, 0.355873, 25, 100, 1, 0, 0);
REPLACE INTO `gameobject` (`guid`, `id`, `map`, `position_x`, `position_y`, `position_z`, `orientation`, `rotation0`, `rotation1`, `rotation2`, `rotation3`, `spawntimesecs`, `animprogress`, `state`, `spawnFlags`, `visibilitymod`) VALUES (4416577, 181103, 0, -8546.85, 769.1, 96.9898, 2.78696, 0, 0, 0.984321, 0.176389, 25, 100, 1, 0, 0);
REPLACE INTO `gameobject` (`guid`, `id`, `map`, `position_x`, `position_y`, `position_z`, `orientation`, `rotation0`, `rotation1`, `rotation2`, `rotation3`, `spawntimesecs`, `animprogress`, `state`, `spawnFlags`, `visibilitymod`) VALUES (4416578, 181103, 0, -8548.33, 767.643, 96.6511, 0.960908, 0, 0, 0.462182, 0.886785, 25, 100, 1, 0, 0);
REPLACE INTO `gameobject` (`guid`, `id`, `map`, `position_x`, `position_y`, `position_z`, `orientation`, `rotation0`, `rotation1`, `rotation2`, `rotation3`, `spawntimesecs`, `animprogress`, `state`, `spawnFlags`, `visibilitymod`) VALUES (4416579, 181103, 0, -8551.06, 769.922, 96.6511, 5.05676, 0, 0, 0.575496, -0.817804, 25, 100, 1, 0, 0);
REPLACE INTO `gameobject` (`guid`, `id`, `map`, `position_x`, `position_y`, `position_z`, `orientation`, `rotation0`, `rotation1`, `rotation2`, `rotation3`, `spawntimesecs`, `animprogress`, `state`, `spawnFlags`, `visibilitymod`) VALUES (4416580, 181103, 0, -8551.36, 769.201, 96.6511, 1.38503, 0, 0, 0.638474, 0.769643, 25, 100, 1, 0, 0);
REPLACE INTO `gameobject` (`guid`, `id`, `map`, `position_x`, `position_y`, `position_z`, `orientation`, `rotation0`, `rotation1`, `rotation2`, `rotation3`, `spawntimesecs`, `animprogress`, `state`, `spawnFlags`, `visibilitymod`) VALUES (4416581, 181103, 0, -8550.87, 771.029, 96.6511, 1.43215, 0, 0, 0.65643, 0.754387, 25, 100, 1, 0, 0);
REPLACE INTO `gameobject` (`guid`, `id`, `map`, `position_x`, `position_y`, `position_z`, `orientation`, `rotation0`, `rotation1`, `rotation2`, `rotation3`, `spawntimesecs`, `animprogress`, `state`, `spawnFlags`, `visibilitymod`) VALUES (4416582, 181103, 0, -8550.03, 772.092, 96.93, 1.46749, 0, 0, 0.669657, 0.74267, 25, 100, 1, 0, 0);
REPLACE INTO `gameobject` (`guid`, `id`, `map`, `position_x`, `position_y`, `position_z`, `orientation`, `rotation0`, `rotation1`, `rotation2`, `rotation3`, `spawntimesecs`, `animprogress`, `state`, `spawnFlags`, `visibilitymod`) VALUES (4416583, 181103, 0, -8549, 771.832, 96.9908, 1.22795, 0, 0, 0.57612, 0.817365, 25, 100, 1, 0, 0);
REPLACE INTO `gameobject` (`guid`, `id`, `map`, `position_x`, `position_y`, `position_z`, `orientation`, `rotation0`, `rotation1`, `rotation2`, `rotation3`, `spawntimesecs`, `animprogress`, `state`, `spawnFlags`, `visibilitymod`) VALUES (4416584, 181103, 0, -8547.55, 771.509, 97.0177, 2.78304, 0, 0, 0.983973, 0.178319, 25, 100, 1, 0, 0);
REPLACE INTO `gameobject` (`guid`, `id`, `map`, `position_x`, `position_y`, `position_z`, `orientation`, `rotation0`, `rotation1`, `rotation2`, `rotation3`, `spawntimesecs`, `animprogress`, `state`, `spawnFlags`, `visibilitymod`) VALUES (4416593, 3100025, 1, 1544.74, -4147.46, 40.651, 2.12839, 0, 0, 0.874399, 0.485207, 25, 100, 1, 0, 0);
REPLACE INTO `gameobject` (`guid`, `id`, `map`, `position_x`, `position_y`, `position_z`, `orientation`, `rotation0`, `rotation1`, `rotation2`, `rotation3`, `spawntimesecs`, `animprogress`, `state`, `spawnFlags`, `visibilitymod`) VALUES (4416594, 181103, 1, 1542.5, -4147.29, 40.7141, 5.73337, 0, 0, 0.271458, -0.96245, 25, 100, 1, 0, 0);
REPLACE INTO `gameobject` (`guid`, `id`, `map`, `position_x`, `position_y`, `position_z`, `orientation`, `rotation0`, `rotation1`, `rotation2`, `rotation3`, `spawntimesecs`, `animprogress`, `state`, `spawnFlags`, `visibilitymod`) VALUES (4416595, 181103, 1, 1542.98, -4149.41, 40.6847, 4.94012, 0, 0, 0.622186, -0.78287, 25, 100, 1, 0, 0);
REPLACE INTO `gameobject` (`guid`, `id`, `map`, `position_x`, `position_y`, `position_z`, `orientation`, `rotation0`, `rotation1`, `rotation2`, `rotation3`, `spawntimesecs`, `animprogress`, `state`, `spawnFlags`, `visibilitymod`) VALUES (4416596, 181103, 1, 1545.98, -4146.67, 40.6231, 3.75025, 0, 0, 0.954049, -0.299651, 25, 100, 1, 0, 0);
REPLACE INTO `gameobject` (`guid`, `id`, `map`, `position_x`, `position_y`, `position_z`, `orientation`, `rotation0`, `rotation1`, `rotation2`, `rotation3`, `spawntimesecs`, `animprogress`, `state`, `spawnFlags`, `visibilitymod`) VALUES (4416597, 181103, 1, 1547.43, -4147.23, 40.5746, 1.33907, 0, 0, 0.620623, 0.784109, 25, 100, 1, 0, 0);
REPLACE INTO `gameobject` (`guid`, `id`, `map`, `position_x`, `position_y`, `position_z`, `orientation`, `rotation0`, `rotation1`, `rotation2`, `rotation3`, `spawntimesecs`, `animprogress`, `state`, `spawnFlags`, `visibilitymod`) VALUES (4416598, 181103, 1, 1549.51, -4148.59, 40.4632, 3.51855, 0, 0, 0.98229, -0.187366, 25, 100, 1, 0, 0);
REPLACE INTO `gameobject` (`guid`, `id`, `map`, `position_x`, `position_y`, `position_z`, `orientation`, `rotation0`, `rotation1`, `rotation2`, `rotation3`, `spawntimesecs`, `animprogress`, `state`, `spawnFlags`, `visibilitymod`) VALUES (4416599, 181103, 1, 1549.62, -4145.99, 40.5086, 4.01728, 0, 0, 0.905668, -0.423988, 25, 100, 1, 0, 0);
REPLACE INTO `gameobject` (`guid`, `id`, `map`, `position_x`, `position_y`, `position_z`, `orientation`, `rotation0`, `rotation1`, `rotation2`, `rotation3`, `spawntimesecs`, `animprogress`, `state`, `spawnFlags`, `visibilitymod`) VALUES (4416600, 181103, 1, 1548.64, -4149.45, 40.4819, 4.75555, 0, 0, 0.691682, -0.722202, 25, 100, 1, 0, 0);
REPLACE INTO `gameobject` (`guid`, `id`, `map`, `position_x`, `position_y`, `position_z`, `orientation`, `rotation0`, `rotation1`, `rotation2`, `rotation3`, `spawntimesecs`, `animprogress`, `state`, `spawnFlags`, `visibilitymod`) VALUES (4416601, 181103, 1, 1548.74, -4148.05, 40.5047, 4.46103, 0, 0, 0.790164, -0.612895, 25, 100, 1, 0, 0);
REPLACE INTO `gameobject` (`guid`, `id`, `map`, `position_x`, `position_y`, `position_z`, `orientation`, `rotation0`, `rotation1`, `rotation2`, `rotation3`, `spawntimesecs`, `animprogress`, `state`, `spawnFlags`, `visibilitymod`) VALUES (4416602, 181103, 1, 1547.84, -4145.25, 40.5822, 6.02397, 0, 0, 0.129245, -0.991613, 25, 100, 1, 0, 0);
REPLACE INTO `gameobject` (`guid`, `id`, `map`, `position_x`, `position_y`, `position_z`, `orientation`, `rotation0`, `rotation1`, `rotation2`, `rotation3`, `spawntimesecs`, `animprogress`, `state`, `spawnFlags`, `visibilitymod`) VALUES (4416603, 181103, 1, 1542.55, -4147.74, 40.7093, 0.569379, 0, 0, 0.280859, 0.959749, 25, 100, 1, 0, 0);
REPLACE INTO `gameobject` (`guid`, `id`, `map`, `position_x`, `position_y`, `position_z`, `orientation`, `rotation0`, `rotation1`, `rotation2`, `rotation3`, `spawntimesecs`, `animprogress`, `state`, `spawnFlags`, `visibilitymod`) VALUES (4416604, 181103, 1, 1541.59, -4150.45, 40.7148, 2.63105, 0, 0, 0.967595, 0.252508, 25, 100, 1, 0, 0);
REPLACE INTO `gameobject` (`guid`, `id`, `map`, `position_x`, `position_y`, `position_z`, `orientation`, `rotation0`, `rotation1`, `rotation2`, `rotation3`, `spawntimesecs`, `animprogress`, `state`, `spawnFlags`, `visibilitymod`) VALUES (4416605, 181103, 1, 1539.8, -4147.1, 40.7905, 2.16374, 0, 0, 0.882837, 0.46968, 25, 100, 1, 0, 0);
REPLACE INTO `gameobject` (`guid`, `id`, `map`, `position_x`, `position_y`, `position_z`, `orientation`, `rotation0`, `rotation1`, `rotation2`, `rotation3`, `spawntimesecs`, `animprogress`, `state`, `spawnFlags`, `visibilitymod`) VALUES (4416606, 181103, 1, 1545.08, -4150.72, 40.602, 1.82209, 0, 0, 0.790144, 0.612921, 25, 100, 1, 0, 0);
REPLACE INTO `gameobject` (`guid`, `id`, `map`, `position_x`, `position_y`, `position_z`, `orientation`, `rotation0`, `rotation1`, `rotation2`, `rotation3`, `spawntimesecs`, `animprogress`, `state`, `spawnFlags`, `visibilitymod`) VALUES (4416607, 181103, 1, 1543.06, -4150.24, 40.6748, 0.985639, 0, 0, 0.473112, 0.881002, 25, 100, 1, 0, 0);
REPLACE INTO `gameobject` (`guid`, `id`, `map`, `position_x`, `position_y`, `position_z`, `orientation`, `rotation0`, `rotation1`, `rotation2`, `rotation3`, `spawntimesecs`, `animprogress`, `state`, `spawnFlags`, `visibilitymod`) VALUES (4416608, 181103, 1, 1542.94, -4152.27, 40.661, 1.60218, 0, 0, 0.718114, 0.695925, 25, 100, 1, 0, 0);
REPLACE INTO `gameobject` (`guid`, `id`, `map`, `position_x`, `position_y`, `position_z`, `orientation`, `rotation0`, `rotation1`, `rotation2`, `rotation3`, `spawntimesecs`, `animprogress`, `state`, `spawnFlags`, `visibilitymod`) VALUES (4416609, 181103, 1, 1543.3, -4145.88, 40.7031, 1.75533, 0, 0, 0.769249, 0.638949, 25, 100, 1, 0, 0);
REPLACE INTO `gameobject` (`guid`, `id`, `map`, `position_x`, `position_y`, `position_z`, `orientation`, `rotation0`, `rotation1`, `rotation2`, `rotation3`, `spawntimesecs`, `animprogress`, `state`, `spawnFlags`, `visibilitymod`) VALUES (4416610, 181103, 1, 1544.82, -4145.25, 40.6662, 0.168825, 0, 0, 0.0843125, 0.996439, 25, 100, 1, 0, 0);
REPLACE INTO `gameobject` (`guid`, `id`, `map`, `position_x`, `position_y`, `position_z`, `orientation`, `rotation0`, `rotation1`, `rotation2`, `rotation3`, `spawntimesecs`, `animprogress`, `state`, `spawnFlags`, `visibilitymod`) VALUES (4416611, 181103, 1, 1541, -4148.83, 40.7439, 2.0852, 0, 0, 0.863717, 0.503977, 25, 100, 1, 0, 0);
REPLACE INTO `gameobject` (`guid`, `id`, `map`, `position_x`, `position_y`, `position_z`, `orientation`, `rotation0`, `rotation1`, `rotation2`, `rotation3`, `spawntimesecs`, `animprogress`, `state`, `spawnFlags`, `visibilitymod`) VALUES (4416612, 181103, 1, 1548.74, -4146.69, 40.531, 1.26446, 0, 0, 0.590944, 0.806712, 25, 100, 1, 0, 0);
REPLACE INTO `gameobject` (`guid`, `id`, `map`, `position_x`, `position_y`, `position_z`, `orientation`, `rotation0`, `rotation1`, `rotation2`, `rotation3`, `spawntimesecs`, `animprogress`, `state`, `spawnFlags`, `visibilitymod`) VALUES (4416613, 3100027, 1, 1542.89, -4148.56, 40.6926, 5.35246, 0, 0, 0.448748, -0.893658, 25, 100, 1, 0, 0);
REPLACE INTO `gameobject` (`guid`, `id`, `map`, `position_x`, `position_y`, `position_z`, `orientation`, `rotation0`, `rotation1`, `rotation2`, `rotation3`, `spawntimesecs`, `animprogress`, `state`, `spawnFlags`, `visibilitymod`) VALUES (4416614, 3100027, 1, 1548.01, -4146.86, 40.5573, 3.58295, 0, 0, 0.975749, -0.218894, 25, 100, 1, 0, 0);


REPLACE INTO `creature_movement_scripts` (`id`, `delay`, `command`, `datalong`, `datalong2`, `datalong3`, `datalong4`, `data_flags`, `dataint`, `dataint2`, `dataint3`, `dataint4`, `x`, `y`, `z`, `o`, `comments`) VALUES (2000000, 0, 18, 0, 0, 0, 0, 0, 0, 0, 0, 0, 0, 0, 0, 0, 'Reckful - Despawn');

REPLACE INTO `item_template` (`entry`, `patch`, `class`, `subclass`, `name`, `displayid`, `Quality`, `Flags`, `BuyCount`, `BuyPrice`, `SellPrice`, `InventoryType`, `AllowableClass`, `AllowableRace`, `ItemLevel`, `RequiredLevel`, `RequiredSkill`, `RequiredSkillRank`, `requiredspell`, `requiredhonorrank`, `RequiredCityRank`, `RequiredReputationFaction`, `RequiredReputationRank`, `maxcount`, `stackable`, `ContainerSlots`, `stat_type1`, `stat_value1`, `stat_type2`, `stat_value2`, `stat_type3`, `stat_value3`, `stat_type4`, `stat_value4`, `stat_type5`, `stat_value5`, `stat_type6`, `stat_value6`, `stat_type7`, `stat_value7`, `stat_type8`, `stat_value8`, `stat_type9`, `stat_value9`, `stat_type10`, `stat_value10`, `dmg_min1`, `dmg_max1`, `dmg_type1`, `dmg_min2`, `dmg_max2`, `dmg_type2`, `dmg_min3`, `dmg_max3`, `dmg_type3`, `dmg_min4`, `dmg_max4`, `dmg_type4`, `dmg_min5`, `dmg_max5`, `dmg_type5`, `armor`, `holy_res`, `fire_res`, `nature_res`, `frost_res`, `shadow_res`, `arcane_res`, `delay`, `ammo_type`, `RangedModRange`, `spellid_1`, `spelltrigger_1`, `spellcharges_1`, `spellppmRate_1`, `spellcooldown_1`, `spellcategory_1`, `spellcategorycooldown_1`, `spellid_2`, `spelltrigger_2`, `spellcharges_2`, `spellppmRate_2`, `spellcooldown_2`, `spellcategory_2`, `spellcategorycooldown_2`, `spellid_3`, `spelltrigger_3`, `spellcharges_3`, `spellppmRate_3`, `spellcooldown_3`, `spellcategory_3`, `spellcategorycooldown_3`, `spellid_4`, `spelltrigger_4`, `spellcharges_4`, `spellppmRate_4`, `spellcooldown_4`, `spellcategory_4`, `spellcategorycooldown_4`, `spellid_5`, `spelltrigger_5`, `spellcharges_5`, `spellppmRate_5`, `spellcooldown_5`, `spellcategory_5`, `spellcategorycooldown_5`, `bonding`, `description`, `PageText`, `LanguageID`, `PageMaterial`, `startquest`, `lockid`, `Material`, `sheath`, `RandomProperty`, `block`, `itemset`, `MaxDurability`, `area`, `Map`, `BagFamily`, `ScriptName`, `DisenchantID`, `FoodType`, `minMoneyLoot`, `maxMoneyLoot`, `Duration`, `ExtraFlags`, `OtherTeamEntry`) VALUES (6001104, 4, 4, 0, 'Reckful\'s Memorial Flower', 31779, 4, 0, 1, 0, 0, 23, -1, -1, 1, 0, 0, 0, 0, 0, 0, 0, 0, 1, 1, 0, 0, 0, 0, 0, 0, 0, 0, 0, 0, 0, 0, 0, 0, 0, 0, 0, 0, 0, 0, 0, 0, 0, 0, 0, 0, 0, 0, 0, 0, 0, 0, 0, 0, 0, 0, 0, 0, 0, 0, 0, 0, 0, 0, 0, 0, 0, 0, 0, 0, -1, 0, -1, 0, 0, 0, 0, -1, 0, -1, 0, 0, 0, 0, -1, 0, -1, 0, 0, 0, 0, -1, 0, -1, 0, 0, 0, 0, 0, 0, 0, 0, 'Obtained from visiting Byron "Reckful" Bernstein\'s memorial. RIP.', 0, 0, 0, 0, 0, 0, 0, 0, 0, 0, 0, 0, 0, 0, '', 0, 0, 0, 0, 0, 0, 1);
REPLACE INTO `npc_vendor` (`entry`, `item`, `maxcount`, `incrtime`, `conditionId`) VALUES (1200002, 6001104, 0, 0, 0);
REPLACE INTO `creature_template` (`entry`, `patch`, `KillCredit1`, `KillCredit2`, `modelid_1`, `modelid_2`, `modelid_3`, `modelid_4`, `name`, `subname`, `gossip_menu_id`, `minlevel`, `maxlevel`, `minhealth`, `maxhealth`, `minmana`, `maxmana`, `armor`, `faction_A`, `faction_H`, `npcflag`, `speed_walk`, `speed_run`, `scale`, `rank`, `mindmg`, `maxdmg`, `dmgschool`, `attackpower`, `dmg_multiplier`, `baseattacktime`, `rangeattacktime`, `unit_class`, `unit_flags`, `dynamicflags`, `family`, `trainer_type`, `trainer_spell`, `trainer_class`, `trainer_race`, `minrangedmg`, `maxrangedmg`, `rangedattackpower`, `type`, `type_flags`, `lootid`, `pickpocketloot`, `skinloot`, `resistance1`, `resistance2`, `resistance3`, `resistance4`, `resistance5`, `resistance6`, `spell1`, `spell2`, `spell3`, `spell4`, `PetSpellDataId`, `mingold`, `maxgold`, `AIName`, `MovementType`, `InhabitType`, `Civilian`, `RacialLeader`, `RegenHealth`, `equipment_id`, `trainer_id`, `vendor_id`, `MechanicImmuneMask`, `SchoolImmuneMask`, `flags_extra`, `aggroRadius`, `ScriptName`) VALUES (1200002, 0, 0, 0, 1503, 0, 0, 0, 'Brother Byron', '', 65532, 100, 100, 781587, 894554, 0, 0, 0, 35, 35, 6, 1.13, 1.14286, 1, 0, 0, 0, 0, 148, 0, 2000, 2000, 0, 0, 0, 0, 0, 0, 0, 0, 0, 0, 0, 7, 0, 0, 0, 0, 0, 0, 0, 0, 0, 0, 0, 0, 0, 0, 0, 0, 0, '', 0, 1, 0, 0, 1, 838, 0, 0, 0, 0, 0, 0, '');
REPLACE INTO `npc_gossip` (`npc_guid`, `textid`) VALUES (2770272, 81012);
REPLACE INTO `npc_gossip` (`npc_guid`, `textid`) VALUES (2770265, 81012);



-- End of migration.
END IF;
END??
delimiter ; 
CALL add_migration();
DROP PROCEDURE IF EXISTS add_migration;
