DROP PROCEDURE IF EXISTS add_migration;
delimiter ??
CREATE PROCEDURE `add_migration`()
BEGIN
DECLARE v INT DEFAULT 1;
SET v = (SELECT COUNT(*) FROM `migrations` WHERE `id`='20181031062917');
IF v=0 THEN
INSERT INTO `migrations` VALUES ('20181031062917');
-- Add your query below.

-- Nighthaven Birthday Event PRE-EVENT Additions

-- Gatekeeper NPC

DELETE FROM `creature_template` WHERE `entry`=1000010 AND `patch`=0;
INSERT INTO `creature_template` (`entry`, `patch`, `KillCredit1`, `KillCredit2`, `modelid_1`, `modelid_2`, `modelid_3`, `modelid_4`, `name`, `subname`, `gossip_menu_id`, `minlevel`, `maxlevel`, `minhealth`, `maxhealth`, `minmana`, `maxmana`, `armor`, `faction_A`, `faction_H`, `npcflag`, `speed_walk`, `speed_run`, `scale`, `rank`, `mindmg`, `maxdmg`, `dmgschool`, `attackpower`, `dmg_multiplier`, `baseattacktime`, `rangeattacktime`, `unit_class`, `unit_flags`, `dynamicflags`, `family`, `trainer_type`, `trainer_spell`, `trainer_class`, `trainer_race`, `minrangedmg`, `maxrangedmg`, `rangedattackpower`, `type`, `type_flags`, `lootid`, `pickpocketloot`, `skinloot`, `resistance1`, `resistance2`, `resistance3`, `resistance4`, `resistance5`, `resistance6`, `spell1`, `spell2`, `spell3`, `spell4`, `PetSpellDataId`, `mingold`, `maxgold`, `AIName`, `MovementType`, `InhabitType`, `Civilian`, `RacialLeader`, `RegenHealth`, `equipment_id`, `trainer_id`, `vendor_id`, `MechanicImmuneMask`, `SchoolImmuneMask`, `flags_extra`, `aggroRadius`, `ScriptName`) VALUES (1000010, 0, 0, 0, 2725, 0, 0, 0, 'Ordanus', 'Gatekeeper of Hyjal', 57100, 71, 71, 13700, 13700, 6540, 6540, 5700, 994, 994, 3, 1, 1.14286, 1.25, 1, 0, 0, 0, 0, 1, 0, 0, 0, 2, 0, 0, 0, 0, 0, 0, 0, 0, 0, 7, 138936390, 0, 0, 0, 0, 0, 0, 0, 0, 0, 0, 0, 0, 0, 0, 0, 0, '', 0, 3, 0, 0, 1, 0, 0, 0, 0, 0, 2, 0, '');


DELETE FROM gossip_menu where entry = 57100;
INSERT INTO gossip_menu (entry, text_id) VALUES
('57100', '50010');

DELETE FROM npc_text where ID = 50010;
INSERT INTO npc_text (ID, text0_0, em0_1) VALUES
('50010','Are you ready to celebrate Nighthaven\'s birthday by reliving the Battle of Hyjal?', 6);

DELETE FROM gossip_menu_option where menu_id IN ('57100', '57101');
DELETE FROM gossip_menu_option where menu_id IN ('57100', '57101');
INSERT INTO gossip_menu_option (menu_id, id, option_icon, option_text, option_id, npc_option_npcflag, action_menu_id, action_poi_id, action_script_id, box_coded, box_money, box_text, condition_id) 
VALUES
('57100', 1, 9, 'Take me to the battle!', 1, 1, 0, 0, '57100', 0, 0, 'Are you ready to face the battle?', 0),
('57101', 1, 9, 'No! Take me back to Winterspring!', 1, 1, 0, 0, '57100', 0, 0, 'Back to Winterspring!', 0);

DELETE FROM gossip_scripts where id IN ('57100', '57101');
INSERT INTO gossip_scripts (id, delay, command, datalong, datalong2, datalong3, datalong4, data_flags, dataint, x, y, z, o, comments) VALUES
('57100', 0, 6, 1, 0, 0, 0, 0, 0, 4615.42, -3858.34, 944.15, 1, 'port to Hyjal'),
('57101', 0, 6, 1, 0, 0, 0, 0, 0, 6730, -4645.34, 721.15, 1, 'port to Winterspring');

-- Gatekeeper Event Quest

DELETE FROM `quest_template` WHERE `entry`=10000 AND `patch`=0;
INSERT INTO `quest_template` (`entry`, `patch`, `Method`, `ZoneOrSort`, `MinLevel`, `MaxLevel`, `QuestLevel`, `Type`, `RequiredClasses`, `RequiredRaces`, `RequiredSkill`, `RequiredSkillValue`, `RepObjectiveFaction`, `RepObjectiveValue`, `RequiredMinRepFaction`, `RequiredMinRepValue`, `RequiredMaxRepFaction`, `RequiredMaxRepValue`, `SuggestedPlayers`, `LimitTime`, `QuestFlags`, `SpecialFlags`, `PrevQuestId`, `NextQuestId`, `ExclusiveGroup`, `NextQuestInChain`, `SrcItemId`, `SrcItemCount`, `SrcSpell`, `Title`, `Details`, `Objectives`, `OfferRewardText`, `RequestItemsText`, `EndText`, `ObjectiveText1`, `ObjectiveText2`, `ObjectiveText3`, `ObjectiveText4`, `ReqItemId1`, `ReqItemId2`, `ReqItemId3`, `ReqItemId4`, `ReqItemCount1`, `ReqItemCount2`, `ReqItemCount3`, `ReqItemCount4`, `ReqSourceId1`, `ReqSourceId2`, `ReqSourceId3`, `ReqSourceId4`, `ReqSourceCount1`, `ReqSourceCount2`, `ReqSourceCount3`, `ReqSourceCount4`, `ReqCreatureOrGOId1`, `ReqCreatureOrGOId2`, `ReqCreatureOrGOId3`, `ReqCreatureOrGOId4`, `ReqCreatureOrGOCount1`, `ReqCreatureOrGOCount2`, `ReqCreatureOrGOCount3`, `ReqCreatureOrGOCount4`, `ReqSpellCast1`, `ReqSpellCast2`, `ReqSpellCast3`, `ReqSpellCast4`, `RewChoiceItemId1`, `RewChoiceItemId2`, `RewChoiceItemId3`, `RewChoiceItemId4`, `RewChoiceItemId5`, `RewChoiceItemId6`, `RewChoiceItemCount1`, `RewChoiceItemCount2`, `RewChoiceItemCount3`, `RewChoiceItemCount4`, `RewChoiceItemCount5`, `RewChoiceItemCount6`, `RewItemId1`, `RewItemId2`, `RewItemId3`, `RewItemId4`, `RewItemCount1`, `RewItemCount2`, `RewItemCount3`, `RewItemCount4`, `RewRepFaction1`, `RewRepFaction2`, `RewRepFaction3`, `RewRepFaction4`, `RewRepFaction5`, `RewRepValue1`, `RewRepValue2`, `RewRepValue3`, `RewRepValue4`, `RewRepValue5`, `RewOrReqMoney`, `RewMoneyMaxLevel`, `RewSpell`, `RewSpellCast`, `RewMailTemplateId`, `RewMailDelaySecs`, `PointMapId`, `PointX`, `PointY`, `PointOpt`, `DetailsEmote1`, `DetailsEmote2`, `DetailsEmote3`, `DetailsEmote4`, `DetailsEmoteDelay1`, `DetailsEmoteDelay2`, `DetailsEmoteDelay3`, `DetailsEmoteDelay4`, `IncompleteEmote`, `CompleteEmote`, `OfferRewardEmote1`, `OfferRewardEmote2`, `OfferRewardEmote3`, `OfferRewardEmote4`, `OfferRewardEmoteDelay1`, `OfferRewardEmoteDelay2`, `OfferRewardEmoteDelay3`, `OfferRewardEmoteDelay4`, `StartScript`, `CompleteScript`, `RewardXP`) VALUES (10000, 0, 2, 616, 1, 60, 65, 82, 0, 77, 0, 0, 0, 0, 0, 0, 0, 0, 0, 0, 8, 0, 0, 0, 0, 0, 60005, 1, 0, 'Battle for Hyjal', 'The note has stains covering its surface. The text is barely legible, but you make out the following:$B$B"We thought we could contain what we had unleashed upon Azeroth alone, without help from the other races. We were wrong. The burning demons came, Burning Legion they call themselves, and with them nearly the end of Azeroth. Atop Hyjal they were defeated but only narrowly and at great cost. $B$BThe world has forgotten them, but they have not forgotten us. I fear they have their sights set again on the Tree of Life atop Hyjal. Hero, if you are reading this then it is not too late. Be you Horde or Alliance! The Burning Legion must be stopped!$B$BGather your forces and find me atop Hyjal."$B$B-Oma, Last of the Purple Witches\r\n', 'Find Ordanus, Gatekeepr of Hyjal. You can find him deep in the Darkwhisper Gorge, south of Winterspring. He will only appear on Sunday, November 4th.', '<Ordanus eyes you with stern assessment.>$B$B Onward to Hyjal!', '<Ordanus takes the note from your hands.>$B$BYou don\'t look like much, but we need all the help we can get. Thank you for coming, $N.', NULL, NULL, NULL, NULL, NULL, 60005, 0, 0, 0, 1, 0, 0, 0, 0, 0, 0, 0, 0, 0, 0, 0, 0, 0, 0, 0, 0, 0, 0, 0, 0, 0, 0, 0, 0, 0, 0, 0, 0, 0, 0, 0, 0, 0, 0, 0, 0, 0, 0, 0, 0, 0, 0, 0, 0, 0, 0, 0, 0, 0, 0, 0, 0, 0, 0, 0, 0, 0, 0, 0, 0, 0, 0, 0, 0, 0, 0, 0, 0, 0, 0, 0, 0, 1, 0, 0, 0, 0, 0, 0, 0, 0, 0, 0, 0);
DELETE FROM `item_template` WHERE `entry`=60005 AND `patch`=0;
INSERT INTO `item_template` (`entry`, `patch`, `class`, `subclass`, `name`, `displayid`, `Quality`, `Flags`, `BuyCount`, `BuyPrice`, `SellPrice`, `InventoryType`, `AllowableClass`, `AllowableRace`, `ItemLevel`, `RequiredLevel`, `RequiredSkill`, `RequiredSkillRank`, `requiredspell`, `requiredhonorrank`, `RequiredCityRank`, `RequiredReputationFaction`, `RequiredReputationRank`, `maxcount`, `stackable`, `ContainerSlots`, `stat_type1`, `stat_value1`, `stat_type2`, `stat_value2`, `stat_type3`, `stat_value3`, `stat_type4`, `stat_value4`, `stat_type5`, `stat_value5`, `stat_type6`, `stat_value6`, `stat_type7`, `stat_value7`, `stat_type8`, `stat_value8`, `stat_type9`, `stat_value9`, `stat_type10`, `stat_value10`, `dmg_min1`, `dmg_max1`, `dmg_type1`, `dmg_min2`, `dmg_max2`, `dmg_type2`, `dmg_min3`, `dmg_max3`, `dmg_type3`, `dmg_min4`, `dmg_max4`, `dmg_type4`, `dmg_min5`, `dmg_max5`, `dmg_type5`, `armor`, `holy_res`, `fire_res`, `nature_res`, `frost_res`, `shadow_res`, `arcane_res`, `delay`, `ammo_type`, `RangedModRange`, `spellid_1`, `spelltrigger_1`, `spellcharges_1`, `spellppmRate_1`, `spellcooldown_1`, `spellcategory_1`, `spellcategorycooldown_1`, `spellid_2`, `spelltrigger_2`, `spellcharges_2`, `spellppmRate_2`, `spellcooldown_2`, `spellcategory_2`, `spellcategorycooldown_2`, `spellid_3`, `spelltrigger_3`, `spellcharges_3`, `spellppmRate_3`, `spellcooldown_3`, `spellcategory_3`, `spellcategorycooldown_3`, `spellid_4`, `spelltrigger_4`, `spellcharges_4`, `spellppmRate_4`, `spellcooldown_4`, `spellcategory_4`, `spellcategorycooldown_4`, `spellid_5`, `spelltrigger_5`, `spellcharges_5`, `spellppmRate_5`, `spellcooldown_5`, `spellcategory_5`, `spellcategorycooldown_5`, `bonding`, `description`, `PageText`, `LanguageID`, `PageMaterial`, `startquest`, `lockid`, `Material`, `sheath`, `RandomProperty`, `block`, `itemset`, `MaxDurability`, `area`, `Map`, `BagFamily`, `ScriptName`, `DisenchantID`, `FoodType`, `minMoneyLoot`, `maxMoneyLoot`, `Duration`, `ExtraFlags`, `OtherTeamEntry`) VALUES (60005, 0, 12, 0, 'IMPORTANT Letter!', 7695, 1, 2048, 1, 0, 0, 0, -1, -1, 1, 1, 0, 0, 0, 0, 0, 0, 0, 1, 1, 0, 0, 0, 0, 0, 0, 0, 0, 0, 0, 0, 0, 0, 0, 0, 0, 0, 0, 0, 0, 0, 0, 0, 0, 0, 0, 0, 0, 0, 0, 0, 0, 0, 0, 0, 0, 0, 0, 0, 0, 0, 0, 0, 0, 0, 0, 0, 0, 0, 0, -1, 0, -1, 0, 0, 0, 0, -1, 0, -1, 0, 0, 0, 0, -1, 0, -1, 0, 0, 0, 0, -1, 0, -1, 0, 0, 0, 0, 0, 0, 0, 1, '', 0, 0, 0, 10000, 0, 0, 0, 0, 0, 0, 0, 0, 0, 0, '', 0, 0, 0, 0, 0, 0, 1);

DELETE FROM `creature_involvedrelation` WHERE `id`=1000010 AND `quest`=10000 AND `patch`=0;
INSERT INTO `creature_involvedrelation` (`id`, `quest`, `patch`) VALUES (1000010, 10000, 0);

-- Event NPCS
DELETE FROM `creature_template` WHERE `entry`=7463 AND `patch`=0;
INSERT INTO `creature_template` (`entry`, `patch`, `KillCredit1`, `KillCredit2`, `modelid_1`, `modelid_2`, `modelid_3`, `modelid_4`, `name`, `subname`, `gossip_menu_id`, `minlevel`, `maxlevel`, `minhealth`, `maxhealth`, `minmana`, `maxmana`, `armor`, `faction_A`, `faction_H`, `npcflag`, `speed_walk`, `speed_run`, `scale`, `rank`, `mindmg`, `maxdmg`, `dmgschool`, `attackpower`, `dmg_multiplier`, `baseattacktime`, `rangeattacktime`, `unit_class`, `unit_flags`, `dynamicflags`, `family`, `trainer_type`, `trainer_spell`, `trainer_class`, `trainer_race`, `minrangedmg`, `maxrangedmg`, `rangedattackpower`, `type`, `type_flags`, `lootid`, `pickpocketloot`, `skinloot`, `resistance1`, `resistance2`, `resistance3`, `resistance4`, `resistance5`, `resistance6`, `spell1`, `spell2`, `spell3`, `spell4`, `PetSpellDataId`, `mingold`, `maxgold`, `AIName`, `MovementType`, `InhabitType`, `Civilian`, `RacialLeader`, `RegenHealth`, `equipment_id`, `trainer_id`, `vendor_id`, `MechanicImmuneMask`, `SchoolImmuneMask`, `flags_extra`, `aggroRadius`, `ScriptName`) VALUES (7463, 0, 0, 0, 9018, 0, 0, 0, 'Hederine Slayer', NULL, 0, 57, 60, 17581, 18267, 0, 0, 3059, 90, 90, 0, 1.1, 1.14286, 0, 1, 577, 657, 0, 272, 1, 1083, 2000, 1, 32832, 0, 0, 0, 0, 0, 0, 65.7432, 90.3969, 100, 3, 8, 7463, 7463, 0, 0, 0, 0, 0, 0, 0, 17547, 0, 0, 0, 0, 862, 1131, '', 0, 1, 0, 0, 1, 308, 0, 0, 0, 0, 0, 0, 'generic_spell_ai');
DELETE FROM `creature_template` WHERE `entry`=15609 AND `patch`=0;
INSERT INTO `creature_template` (`entry`, `patch`, `KillCredit1`, `KillCredit2`, `modelid_1`, `modelid_2`, `modelid_3`, `modelid_4`, `name`, `subname`, `gossip_menu_id`, `minlevel`, `maxlevel`, `minhealth`, `maxhealth`, `minmana`, `maxmana`, `armor`, `faction_A`, `faction_H`, `npcflag`, `speed_walk`, `speed_run`, `scale`, `rank`, `mindmg`, `maxdmg`, `dmgschool`, `attackpower`, `dmg_multiplier`, `baseattacktime`, `rangeattacktime`, `unit_class`, `unit_flags`, `dynamicflags`, `family`, `trainer_type`, `trainer_spell`, `trainer_class`, `trainer_race`, `minrangedmg`, `maxrangedmg`, `rangedattackpower`, `type`, `type_flags`, `lootid`, `pickpocketloot`, `skinloot`, `resistance1`, `resistance2`, `resistance3`, `resistance4`, `resistance5`, `resistance6`, `spell1`, `spell2`, `spell3`, `spell4`, `PetSpellDataId`, `mingold`, `maxgold`, `AIName`, `MovementType`, `InhabitType`, `Civilian`, `RacialLeader`, `RegenHealth`, `equipment_id`, `trainer_id`, `vendor_id`, `MechanicImmuneMask`, `SchoolImmuneMask`, `flags_extra`, `aggroRadius`, `ScriptName`) VALUES (15609, 0, 0, 0, 15563, 0, 0, 0, 'Cenarion Scout Landion', NULL, 15609, 60, 60, 5300, 5300, 0, 0, 8401, 994, 994, 3, 1.1, 1.14286, 0, 0, 335, 484, 0, 272, 1, 2000, 2000, 1, 32768, 0, 0, 0, 0, 0, 0, 0, 0, 0, 7, 0, 0, 0, 0, 0, 0, 0, 0, 0, 0, 0, 0, 0, 0, 0, 0, 0, '', 0, 3, 0, 0, 1, 963, 0, 0, 0, 0, 0, 0, '');
DELETE FROM `creature_template` WHERE `entry`=15610 AND `patch`=0;
INSERT INTO `creature_template` (`entry`, `patch`, `KillCredit1`, `KillCredit2`, `modelid_1`, `modelid_2`, `modelid_3`, `modelid_4`, `name`, `subname`, `gossip_menu_id`, `minlevel`, `maxlevel`, `minhealth`, `maxhealth`, `minmana`, `maxmana`, `armor`, `faction_A`, `faction_H`, `npcflag`, `speed_walk`, `speed_run`, `scale`, `rank`, `mindmg`, `maxdmg`, `dmgschool`, `attackpower`, `dmg_multiplier`, `baseattacktime`, `rangeattacktime`, `unit_class`, `unit_flags`, `dynamicflags`, `family`, `trainer_type`, `trainer_spell`, `trainer_class`, `trainer_race`, `minrangedmg`, `maxrangedmg`, `rangedattackpower`, `type`, `type_flags`, `lootid`, `pickpocketloot`, `skinloot`, `resistance1`, `resistance2`, `resistance3`, `resistance4`, `resistance5`, `resistance6`, `spell1`, `spell2`, `spell3`, `spell4`, `PetSpellDataId`, `mingold`, `maxgold`, `AIName`, `MovementType`, `InhabitType`, `Civilian`, `RacialLeader`, `RegenHealth`, `equipment_id`, `trainer_id`, `vendor_id`, `MechanicImmuneMask`, `SchoolImmuneMask`, `flags_extra`, `aggroRadius`, `ScriptName`) VALUES (15610, 0, 0, 0, 15561, 0, 0, 0, 'Cenarion Scout Azenel', NULL, 15610, 60, 60, 2200, 2200, 0, 0, 8401, 994, 994, 3, 1.1, 1.14286, 0, 0, 335, 484, 0, 272, 1, 2000, 2000, 1, 32768, 0, 0, 0, 0, 0, 0, 0, 0, 0, 7, 0, 0, 0, 0, 0, 0, 0, 0, 0, 0, 0, 0, 0, 0, 0, 0, 0, '', 0, 3, 0, 0, 1, 963, 0, 0, 0, 0, 0, 0, '');
DELETE FROM `creature_template` WHERE `entry`=15611 AND `patch`=0;
INSERT INTO `creature_template` (`entry`, `patch`, `KillCredit1`, `KillCredit2`, `modelid_1`, `modelid_2`, `modelid_3`, `modelid_4`, `name`, `subname`, `gossip_menu_id`, `minlevel`, `maxlevel`, `minhealth`, `maxhealth`, `minmana`, `maxmana`, `armor`, `faction_A`, `faction_H`, `npcflag`, `speed_walk`, `speed_run`, `scale`, `rank`, `mindmg`, `maxdmg`, `dmgschool`, `attackpower`, `dmg_multiplier`, `baseattacktime`, `rangeattacktime`, `unit_class`, `unit_flags`, `dynamicflags`, `family`, `trainer_type`, `trainer_spell`, `trainer_class`, `trainer_race`, `minrangedmg`, `maxrangedmg`, `rangedattackpower`, `type`, `type_flags`, `lootid`, `pickpocketloot`, `skinloot`, `resistance1`, `resistance2`, `resistance3`, `resistance4`, `resistance5`, `resistance6`, `spell1`, `spell2`, `spell3`, `spell4`, `PetSpellDataId`, `mingold`, `maxgold`, `AIName`, `MovementType`, `InhabitType`, `Civilian`, `RacialLeader`, `RegenHealth`, `equipment_id`, `trainer_id`, `vendor_id`, `MechanicImmuneMask`, `SchoolImmuneMask`, `flags_extra`, `aggroRadius`, `ScriptName`) VALUES (15611, 0, 0, 0, 15562, 0, 0, 0, 'Cenarion Scout Jalia', NULL, 15611, 60, 60, 2200, 2200, 0, 0, 8401, 994, 994, 3, 1.1, 1.14286, 0, 0, 335, 484, 0, 272, 1, 2000, 2000, 1, 32768, 0, 0, 0, 0, 0, 0, 0, 0, 0, 7, 0, 0, 0, 0, 0, 0, 0, 0, 0, 0, 0, 0, 0, 0, 0, 0, 0, '', 0, 3, 0, 0, 1, 963, 0, 0, 0, 0, 0, 0, '');
DELETE FROM `creature_template` WHERE `entry`=1000120 AND `patch`=0;
INSERT INTO `creature_template` (`entry`, `patch`, `KillCredit1`, `KillCredit2`, `modelid_1`, `modelid_2`, `modelid_3`, `modelid_4`, `name`, `subname`, `gossip_menu_id`, `minlevel`, `maxlevel`, `minhealth`, `maxhealth`, `minmana`, `maxmana`, `armor`, `faction_A`, `faction_H`, `npcflag`, `speed_walk`, `speed_run`, `scale`, `rank`, `mindmg`, `maxdmg`, `dmgschool`, `attackpower`, `dmg_multiplier`, `baseattacktime`, `rangeattacktime`, `unit_class`, `unit_flags`, `dynamicflags`, `family`, `trainer_type`, `trainer_spell`, `trainer_class`, `trainer_race`, `minrangedmg`, `maxrangedmg`, `rangedattackpower`, `type`, `type_flags`, `lootid`, `pickpocketloot`, `skinloot`, `resistance1`, `resistance2`, `resistance3`, `resistance4`, `resistance5`, `resistance6`, `spell1`, `spell2`, `spell3`, `spell4`, `PetSpellDataId`, `mingold`, `maxgold`, `AIName`, `MovementType`, `InhabitType`, `Civilian`, `RacialLeader`, `RegenHealth`, `equipment_id`, `trainer_id`, `vendor_id`, `MechanicImmuneMask`, `SchoolImmuneMask`, `flags_extra`, `aggroRadius`, `ScriptName`) VALUES (1000120, 0, 0, 0, 2722, 0, 0, 0, 'Daughter of Cenarius', NULL, 0, 23, 25, 610, 660, 581, 655, 829, 994, 994, 0, 1, 1.14286, 0, 0, 34, 39, 0, 106, 1, 2000, 2000, 2, 0, 0, 0, 0, 0, 0, 0, 35.6224, 48.9808, 100, 7, 0, 4053, 0, 0, 0, 25, 25, 25, 25, 25, 10277, 527, 0, 0, 0, 30, 44, 'EventAI', 0, 1, 0, 0, 1, 1754, 0, 0, 0, 0, 0, 0, '');
DELETE FROM `creature_template` WHERE `entry`=1000231 AND `patch`=0;
INSERT INTO `creature_template` (`entry`, `patch`, `KillCredit1`, `KillCredit2`, `modelid_1`, `modelid_2`, `modelid_3`, `modelid_4`, `name`, `subname`, `gossip_menu_id`, `minlevel`, `maxlevel`, `minhealth`, `maxhealth`, `minmana`, `maxmana`, `armor`, `faction_A`, `faction_H`, `npcflag`, `speed_walk`, `speed_run`, `scale`, `rank`, `mindmg`, `maxdmg`, `dmgschool`, `attackpower`, `dmg_multiplier`, `baseattacktime`, `rangeattacktime`, `unit_class`, `unit_flags`, `dynamicflags`, `family`, `trainer_type`, `trainer_spell`, `trainer_class`, `trainer_race`, `minrangedmg`, `maxrangedmg`, `rangedattackpower`, `type`, `type_flags`, `lootid`, `pickpocketloot`, `skinloot`, `resistance1`, `resistance2`, `resistance3`, `resistance4`, `resistance5`, `resistance6`, `spell1`, `spell2`, `spell3`, `spell4`, `PetSpellDataId`, `mingold`, `maxgold`, `AIName`, `MovementType`, `InhabitType`, `Civilian`, `RacialLeader`, `RegenHealth`, `equipment_id`, `trainer_id`, `vendor_id`, `MechanicImmuneMask`, `SchoolImmuneMask`, `flags_extra`, `aggroRadius`, `ScriptName`) VALUES (1000231, 0, 0, 0, 7274, 0, 0, 0, 'Tyrande Whisperwind', 'High Priestess of Elune', 0, 63, 63, 250500, 250500, 67740, 67740, 3759, 994, 994, 2, 1, 1.14286, 0, 3, 1005, 1171, 0, 290, 1, 2000, 2000, 2, 4160, 0, 0, 0, 0, 0, 0, 220.81, 320.77, 100, 7, 12, 7999, 0, 0, 0, 15, 15, 15, 15, 15, 0, 0, 0, 0, 0, 1, 866, 'EventAI', 0, 3, 0, 0, 1, 816, 0, 0, 617299803, 0, 2, 0, '');
DELETE FROM `creature_template` WHERE `entry`=1000233 AND `patch`=0;
INSERT INTO `creature_template` (`entry`, `patch`, `KillCredit1`, `KillCredit2`, `modelid_1`, `modelid_2`, `modelid_3`, `modelid_4`, `name`, `subname`, `gossip_menu_id`, `minlevel`, `maxlevel`, `minhealth`, `maxhealth`, `minmana`, `maxmana`, `armor`, `faction_A`, `faction_H`, `npcflag`, `speed_walk`, `speed_run`, `scale`, `rank`, `mindmg`, `maxdmg`, `dmgschool`, `attackpower`, `dmg_multiplier`, `baseattacktime`, `rangeattacktime`, `unit_class`, `unit_flags`, `dynamicflags`, `family`, `trainer_type`, `trainer_spell`, `trainer_class`, `trainer_race`, `minrangedmg`, `maxrangedmg`, `rangedattackpower`, `type`, `type_flags`, `lootid`, `pickpocketloot`, `skinloot`, `resistance1`, `resistance2`, `resistance3`, `resistance4`, `resistance5`, `resistance6`, `spell1`, `spell2`, `spell3`, `spell4`, `PetSpellDataId`, `mingold`, `maxgold`, `AIName`, `MovementType`, `InhabitType`, `Civilian`, `RacialLeader`, `RegenHealth`, `equipment_id`, `trainer_id`, `vendor_id`, `MechanicImmuneMask`, `SchoolImmuneMask`, `flags_extra`, `aggroRadius`, `ScriptName`) VALUES (1000233, 0, 0, 0, 10691, 0, 0, 0, 'Balnazzar', NULL, 0, 61, 62, 30957, 31030, 8343, 8343, 4091, 90, 90, 0, 1.3, 1.14286, 7, 1, 771, 937, 0, 284, 1, 1150, 1265, 0, 2, 0, 0, 0, 0, 0, 0, 61.732, 84.8815, 100, 3, 4, 10813, 10812, 0, 0, 5, 5, 5, 5, 248, 20603, 15398, 9256, 20741, 0, 461, 2307, '', 1, 3, 0, 0, 1, 0, 0, 0, 617299931, 0, 0, 0, 'generic_spell_ai');





DELETE FROM `creature` WHERE `guid`=2640478;
INSERT INTO `creature` (`guid`, `id`, `map`, `modelid`, `equipment_id`, `position_x`, `position_y`, `position_z`, `orientation`, `spawntimesecs`, `spawndist`, `currentwaypoint`, `curhealth`, `curmana`, `DeathState`, `MovementType`, `spawnFlags`, `visibilitymod`, `patch_min`, `patch_max`) VALUES (2640478, 15609, 1, 0, 963, 5466.48, -4710.49, 793.574, 0.217177, 25, 5, 0, 5300, 0, 0, 0, 0, 0, 0, 10);
DELETE FROM `creature` WHERE `guid`=2640479;
INSERT INTO `creature` (`guid`, `id`, `map`, `modelid`, `equipment_id`, `position_x`, `position_y`, `position_z`, `orientation`, `spawntimesecs`, `spawndist`, `currentwaypoint`, `curhealth`, `curmana`, `DeathState`, `MovementType`, `spawnFlags`, `visibilitymod`, `patch_min`, `patch_max`) VALUES (2640479, 15610, 1, 0, 963, 5461.47, -4704.52, 793.815, 0.0954401, 25, 0, 0, 2200, 0, 0, 2, 0, 0, 0, 10);
DELETE FROM `creature` WHERE `guid`=2640482;
INSERT INTO `creature` (`guid`, `id`, `map`, `modelid`, `equipment_id`, `position_x`, `position_y`, `position_z`, `orientation`, `spawntimesecs`, `spawndist`, `currentwaypoint`, `curhealth`, `curmana`, `DeathState`, `MovementType`, `spawnFlags`, `visibilitymod`, `patch_min`, `patch_max`) VALUES (2640482, 15611, 1, 0, 963, 5466.28, -4704.47, 793.183, 3.75932, 25, 0, 0, 2200, 0, 0, 2, 0, 0, 0, 10);
DELETE FROM `creature` WHERE `guid`=2642545;
INSERT INTO `creature` (`guid`, `id`, `map`, `modelid`, `equipment_id`, `position_x`, `position_y`, `position_z`, `orientation`, `spawntimesecs`, `spawndist`, `currentwaypoint`, `curhealth`, `curmana`, `DeathState`, `MovementType`, `spawnFlags`, `visibilitymod`, `patch_min`, `patch_max`) VALUES (2642545, 1000120, 1, 0, 1754, -6755.83, 825.356, 57.3546, 3.43916, 25, 5, 0, 610, 581, 0, 0, 0, 0, 0, 10);
DELETE FROM `creature` WHERE `guid`=2642546;
INSERT INTO `creature` (`guid`, `id`, `map`, `modelid`, `equipment_id`, `position_x`, `position_y`, `position_z`, `orientation`, `spawntimesecs`, `spawndist`, `currentwaypoint`, `curhealth`, `curmana`, `DeathState`, `MovementType`, `spawnFlags`, `visibilitymod`, `patch_min`, `patch_max`) VALUES (2642546, 1000120, 1, 0, 1754, -6754.45, 820.858, 57.341, 3.43916, 25, 5, 0, 660, 655, 0, 0, 0, 0, 0, 10);
DELETE FROM `creature` WHERE `guid`=2642768;
INSERT INTO `creature` (`guid`, `id`, `map`, `modelid`, `equipment_id`, `position_x`, `position_y`, `position_z`, `orientation`, `spawntimesecs`, `spawndist`, `currentwaypoint`, `curhealth`, `curmana`, `DeathState`, `MovementType`, `spawnFlags`, `visibilitymod`, `patch_min`, `patch_max`) VALUES (2642768, 1000233, 1, 0, 0, 4576.73, -242.607, 299.575, 2.07339, 25, 5, 0, 31030, 8343, 0, 1, 0, 0, 0, 10);
DELETE FROM `creature` WHERE `guid`=2643054;
INSERT INTO `creature` (`guid`, `id`, `map`, `modelid`, `equipment_id`, `position_x`, `position_y`, `position_z`, `orientation`, `spawntimesecs`, `spawndist`, `currentwaypoint`, `curhealth`, `curmana`, `DeathState`, `MovementType`, `spawnFlags`, `visibilitymod`, `patch_min`, `patch_max`) VALUES (2643054, 1000231, 1, 0, 816, -6750.46, 825.615, 57.5423, 3.7046, 25, 0, 0, 250500, 67740, 0, 2, 0, 0, 0, 10);
DELETE FROM `creature` WHERE `guid`=2643157;
INSERT INTO `creature` (`guid`, `id`, `map`, `modelid`, `equipment_id`, `position_x`, `position_y`, `position_z`, `orientation`, `spawntimesecs`, `spawndist`, `currentwaypoint`, `curhealth`, `curmana`, `DeathState`, `MovementType`, `spawnFlags`, `visibilitymod`, `patch_min`, `patch_max`) VALUES (2643157, 7463, 1, 0, 308, 5254.42, -4782.39, 690.574, 5.41251, 25, 5, 0, 17581, 0, 0, 0, 0, 0, 0, 10);
DELETE FROM `creature` WHERE `guid`=2643161;
INSERT INTO `creature` (`guid`, `id`, `map`, `modelid`, `equipment_id`, `position_x`, `position_y`, `position_z`, `orientation`, `spawntimesecs`, `spawndist`, `currentwaypoint`, `curhealth`, `curmana`, `DeathState`, `MovementType`, `spawnFlags`, `visibilitymod`, `patch_min`, `patch_max`) VALUES (2643161, 7463, 1, 0, 308, 5369.27, -4515.89, 716.619, 0.472744, 25, 5, 0, 17581, 0, 0, 0, 0, 0, 0, 10);
DELETE FROM `creature` WHERE `guid`=2643162;
INSERT INTO `creature` (`guid`, `id`, `map`, `modelid`, `equipment_id`, `position_x`, `position_y`, `position_z`, `orientation`, `spawntimesecs`, `spawndist`, `currentwaypoint`, `curhealth`, `curmana`, `DeathState`, `MovementType`, `spawnFlags`, `visibilitymod`, `patch_min`, `patch_max`) VALUES (2643162, 7463, 1, 0, 308, 5495.65, -4578.19, 828.853, 4.65813, 25, 5, 0, 18038, 0, 0, 0, 0, 0, 0, 10);
DELETE FROM `creature` WHERE `guid`=2643163;
INSERT INTO `creature` (`guid`, `id`, `map`, `modelid`, `equipment_id`, `position_x`, `position_y`, `position_z`, `orientation`, `spawntimesecs`, `spawndist`, `currentwaypoint`, `curhealth`, `curmana`, `DeathState`, `MovementType`, `spawnFlags`, `visibilitymod`, `patch_min`, `patch_max`) VALUES (2643163, 7463, 1, 0, 308, 5514.43, -4806.91, 810.636, 5.94225, 25, 5, 0, 17809, 0, 0, 0, 0, 0, 0, 10);
DELETE FROM `creature` WHERE `guid`=2643166;
INSERT INTO `creature` (`guid`, `id`, `map`, `modelid`, `equipment_id`, `position_x`, `position_y`, `position_z`, `orientation`, `spawntimesecs`, `spawndist`, `currentwaypoint`, `curhealth`, `curmana`, `DeathState`, `MovementType`, `spawnFlags`, `visibilitymod`, `patch_min`, `patch_max`) VALUES (2643166, 7463, 1, 0, 308, 5131.66, -4553.98, 840.684, 0.992282, 25, 5, 0, 18267, 0, 0, 0, 0, 0, 0, 10);
DELETE FROM `creature` WHERE `guid`=2643169;
INSERT INTO `creature` (`guid`, `id`, `map`, `modelid`, `equipment_id`, `position_x`, `position_y`, `position_z`, `orientation`, `spawntimesecs`, `spawndist`, `currentwaypoint`, `curhealth`, `curmana`, `DeathState`, `MovementType`, `spawnFlags`, `visibilitymod`, `patch_min`, `patch_max`) VALUES (2643169, 7463, 1, 0, 308, 5328.94, -4442.76, 834.721, 0.772758, 25, 5, 0, 18267, 0, 0, 0, 0, 0, 0, 10);
DELETE FROM `creature` WHERE `guid`=2643170;
INSERT INTO `creature` (`guid`, `id`, `map`, `modelid`, `equipment_id`, `position_x`, `position_y`, `position_z`, `orientation`, `spawntimesecs`, `spawndist`, `currentwaypoint`, `curhealth`, `curmana`, `DeathState`, `MovementType`, `spawnFlags`, `visibilitymod`, `patch_min`, `patch_max`) VALUES (2643170, 7463, 1, 0, 308, 5192.98, -4687.3, 835.192, 0.337651, 25, 5, 0, 17581, 0, 0, 0, 0, 0, 0, 10);
DELETE FROM `creature` WHERE `guid`=2643171;
INSERT INTO `creature` (`guid`, `id`, `map`, `modelid`, `equipment_id`, `position_x`, `position_y`, `position_z`, `orientation`, `spawntimesecs`, `spawndist`, `currentwaypoint`, `curhealth`, `curmana`, `DeathState`, `MovementType`, `spawnFlags`, `visibilitymod`, `patch_min`, `patch_max`) VALUES (2643171, 7463, 1, 0, 308, 5200.47, -4822.13, 823.014, 0.801031, 25, 5, 0, 17581, 0, 0, 0, 0, 0, 0, 10);
DELETE FROM `creature` WHERE `guid`=2643172;
INSERT INTO `creature` (`guid`, `id`, `map`, `modelid`, `equipment_id`, `position_x`, `position_y`, `position_z`, `orientation`, `spawntimesecs`, `spawndist`, `currentwaypoint`, `curhealth`, `curmana`, `DeathState`, `MovementType`, `spawnFlags`, `visibilitymod`, `patch_min`, `patch_max`) VALUES (2643172, 7463, 1, 0, 308, 5145.99, -4704.86, 859.529, 5.29901, 25, 5, 0, 18038, 0, 0, 0, 0, 0, 0, 10);


-- Event NPC Scripts
DELETE FROM `creature_movement` WHERE `id`=2643054 AND `point`=1;
INSERT INTO `creature_movement` (`id`, `point`, `position_x`, `position_y`, `position_z`, `waittime`, `script_id`, `textid1`, `textid2`, `textid3`, `textid4`, `textid5`, `emote`, `spell`, `wpguid`, `orientation`, `model1`, `model2`) VALUES (2643054, 1, -6750.48, 825.714, 57.5427, 0, 0, 2000008299, 0, 0, 0, 0, 0, 0, 0, 3.74204, 0, 0);
DELETE FROM `creature_movement` WHERE `id`=2643054 AND `point`=2;
INSERT INTO `creature_movement` (`id`, `point`, `position_x`, `position_y`, `position_z`, `waittime`, `script_id`, `textid1`, `textid2`, `textid3`, `textid4`, `textid5`, `emote`, `spell`, `wpguid`, `orientation`, `model1`, `model2`) VALUES (2643054, 2, -6750.48, 825.714, 57.5427, 45000, 0, 0, 0, 0, 0, 0, 0, 0, 0, 3.74204, 0, 0);
DELETE FROM `creature_movement` WHERE `id`=2640479 AND `point`=1;
INSERT INTO `creature_movement` (`id`, `point`, `position_x`, `position_y`, `position_z`, `waittime`, `script_id`, `textid1`, `textid2`, `textid3`, `textid4`, `textid5`, `emote`, `spell`, `wpguid`, `orientation`, `model1`, `model2`) VALUES (2640479, 1, 5461.47, -4704.52, 793.815, 0, 0, 2000008300, 0, 0, 0, 0, 0, 0, 0, 6.19484, 0, 0);
DELETE FROM `creature_movement` WHERE `id`=2640479 AND `point`=2;
INSERT INTO `creature_movement` (`id`, `point`, `position_x`, `position_y`, `position_z`, `waittime`, `script_id`, `textid1`, `textid2`, `textid3`, `textid4`, `textid5`, `emote`, `spell`, `wpguid`, `orientation`, `model1`, `model2`) VALUES (2640479, 2, 5461.47, -4704.52, 793.815, 30000, 0, 0, 0, 0, 0, 0, 0, 0, 0, 6.19484, 0, 0);
DELETE FROM `creature_movement` WHERE `id`=2640482 AND `point`=1;
INSERT INTO `creature_movement` (`id`, `point`, `position_x`, `position_y`, `position_z`, `waittime`, `script_id`, `textid1`, `textid2`, `textid3`, `textid4`, `textid5`, `emote`, `spell`, `wpguid`, `orientation`, `model1`, `model2`) VALUES (2640482, 1, 5466.28, -4704.47, 793.183, 35000, 0, 2000008301, 0, 0, 0, 0, 0, 0, 0, 3.88576, 0, 0);
DELETE FROM `creature_movement` WHERE `id`=2640482 AND `point`=2;
INSERT INTO `creature_movement` (`id`, `point`, `position_x`, `position_y`, `position_z`, `waittime`, `script_id`, `textid1`, `textid2`, `textid3`, `textid4`, `textid5`, `emote`, `spell`, `wpguid`, `orientation`, `model1`, `model2`) VALUES (2640482, 2, 5466.28, -4704.47, 793.183, 0, 0, 0, 0, 0, 0, 0, 0, 0, 0, 3.88576, 0, 0);
DELETE FROM `creature_movement` WHERE `id`=2642768 AND `point`=1;
INSERT INTO `creature_movement` (`id`, `point`, `position_x`, `position_y`, `position_z`, `waittime`, `script_id`, `textid1`, `textid2`, `textid3`, `textid4`, `textid5`, `emote`, `spell`, `wpguid`, `orientation`, `model1`, `model2`) VALUES (2642768, 1, 4587.45, -240.323, 300.592, 0, 0, 2000008302, 0, 0, 0, 0, 0, 0, 0, 4.90521, 0, 0);
DELETE FROM `creature_movement` WHERE `id`=2642768 AND `point`=2;
INSERT INTO `creature_movement` (`id`, `point`, `position_x`, `position_y`, `position_z`, `waittime`, `script_id`, `textid1`, `textid2`, `textid3`, `textid4`, `textid5`, `emote`, `spell`, `wpguid`, `orientation`, `model1`, `model2`) VALUES (2642768, 2, 4573.91, -238.903, 299.808, 30000, 0, 0, 0, 0, 0, 0, 0, 0, 0, 4.62717, 0, 0);



DELETE FROM `db_script_string` WHERE `entry`=2000008299;
INSERT INTO `db_script_string` (`entry`, `content_default`, `content_loc1`, `content_loc2`, `content_loc3`, `content_loc4`, `content_loc5`, `content_loc6`, `content_loc7`, `content_loc8`) VALUES (2000008299, 'Commander, I know your forces here are stretched thin as it is... but your orders are clear.  Fandrel Staghelm is only a steward, your orders come from the Moonglade. Please send the scouts to Darkwhisper Gorge immediately.', NULL, NULL, NULL, NULL, NULL, NULL, NULL, NULL);
DELETE FROM `db_script_string` WHERE `entry`=2000008300;
INSERT INTO `db_script_string` (`entry`, `content_default`, `content_loc1`, `content_loc2`, `content_loc3`, `content_loc4`, `content_loc5`, `content_loc6`, `content_loc7`, `content_loc8`) VALUES (2000008300, 'From the scorching sands of Silithus to the frozen fields of Winterspring... and for what? all i see is snow and ice.', NULL, NULL, NULL, NULL, NULL, NULL, NULL, NULL);
DELETE FROM `db_script_string` WHERE `entry`=2000008301;
INSERT INTO `db_script_string` (`entry`, `content_default`, `content_loc1`, `content_loc2`, `content_loc3`, `content_loc4`, `content_loc5`, `content_loc6`, `content_loc7`, `content_loc8`) VALUES (2000008301, 'And for our sake let\'s hope that is all we see here.', NULL, NULL, NULL, NULL, NULL, NULL, NULL, NULL);
DELETE FROM `db_script_string` WHERE `entry`=2000008302;
INSERT INTO `db_script_string` (`entry`, `content_default`, `content_loc1`, `content_loc2`, `content_loc3`, `content_loc4`, `content_loc5`, `content_loc6`, `content_loc7`, `content_loc8`) VALUES (2000008302, 'Xavius failed us! Archimonde failed us! Now it is up to me Xavathras!  I will not fail Sargeras. Just be ready to act when the ashes of Nordrassil blot out the sky over Felwood and all of Azeroth once and for all!', NULL, NULL, NULL, NULL, NULL, NULL, NULL, NULL);


-- Event GOBS

DELETE FROM `gameobject` WHERE `guid`=4116189;
INSERT INTO `gameobject` (`guid`, `id`, `map`, `position_x`, `position_y`, `position_z`, `orientation`, `rotation0`, `rotation1`, `rotation2`, `rotation3`, `spawntimesecs`, `animprogress`, `state`, `spawnFlags`, `visibilitymod`) VALUES (4116189, 1609, 1, 4478.96, -4061.87, 937.822, 1.15807, 0, 0, 0.547218, 0.83699, 25, 100, 1, 0, 0);
DELETE FROM `gameobject` WHERE `guid`=4116190;
INSERT INTO `gameobject` (`guid`, `id`, `map`, `position_x`, `position_y`, `position_z`, `orientation`, `rotation0`, `rotation1`, `rotation2`, `rotation3`, `spawntimesecs`, `animprogress`, `state`, `spawnFlags`, `visibilitymod`) VALUES (4116190, 1609, 1, 4508.87, -4068.82, 932.062, 1.62028, 0, 0, 0.724384, 0.689397, 25, 100, 1, 0, 0);
DELETE FROM `gameobject` WHERE `guid`=4116191;
INSERT INTO `gameobject` (`guid`, `id`, `map`, `position_x`, `position_y`, `position_z`, `orientation`, `rotation0`, `rotation1`, `rotation2`, `rotation3`, `spawntimesecs`, `animprogress`, `state`, `spawnFlags`, `visibilitymod`) VALUES (4116191, 1609, 1, 4495.71, -4047.03, 935.824, 0.999816, 0, 0, 0.479345, 0.877627, 25, 100, 1, 0, 0);
DELETE FROM `gameobject` WHERE `guid`=4116192;
INSERT INTO `gameobject` (`guid`, `id`, `map`, `position_x`, `position_y`, `position_z`, `orientation`, `rotation0`, `rotation1`, `rotation2`, `rotation3`, `spawntimesecs`, `animprogress`, `state`, `spawnFlags`, `visibilitymod`) VALUES (4116192, 1609, 1, 4537.15, -4058.99, 935.952, 1.57787, 0, 0, 0.709602, 0.704603, 25, 100, 1, 0, 0);
DELETE FROM `gameobject` WHERE `guid`=4116193;
INSERT INTO `gameobject` (`guid`, `id`, `map`, `position_x`, `position_y`, `position_z`, `orientation`, `rotation0`, `rotation1`, `rotation2`, `rotation3`, `spawntimesecs`, `animprogress`, `state`, `spawnFlags`, `visibilitymod`) VALUES (4116193, 1609, 1, 4481.34, -4084.39, 934.507, 1.24564, 0, 0, 0.583329, 0.812236, 25, 100, 1, 0, 0);
DELETE FROM `gameobject` WHERE `guid`=4116195;
INSERT INTO `gameobject` (`guid`, `id`, `map`, `position_x`, `position_y`, `position_z`, `orientation`, `rotation0`, `rotation1`, `rotation2`, `rotation3`, `spawntimesecs`, `animprogress`, `state`, `spawnFlags`, `visibilitymod`) VALUES (4116195, 182817, 1, 4519.22, -4092.97, 934.633, 1.75301, 0, 0, 0.768509, 0.639839, 25, 100, 1, 0, 0);
DELETE FROM `gameobject` WHERE `guid`=4116196;
INSERT INTO `gameobject` (`guid`, `id`, `map`, `position_x`, `position_y`, `position_z`, `orientation`, `rotation0`, `rotation1`, `rotation2`, `rotation3`, `spawntimesecs`, `animprogress`, `state`, `spawnFlags`, `visibilitymod`) VALUES (4116196, 182817, 1, 4475.38, -3996.23, 950.582, 1.77815, 0, 0, 0.776489, 0.630131, 25, 100, 1, 0, 0);
DELETE FROM `gameobject` WHERE `guid`=4116197;
INSERT INTO `gameobject` (`guid`, `id`, `map`, `position_x`, `position_y`, `position_z`, `orientation`, `rotation0`, `rotation1`, `rotation2`, `rotation3`, `spawntimesecs`, `animprogress`, `state`, `spawnFlags`, `visibilitymod`) VALUES (4116197, 182817, 1, 4542.85, -4020.07, 942.112, 1.24015, 0, 0, 0.581096, 0.813835, 25, 100, 1, 0, 0);
DELETE FROM `gameobject` WHERE `guid`=4116198;
INSERT INTO `gameobject` (`guid`, `id`, `map`, `position_x`, `position_y`, `position_z`, `orientation`, `rotation0`, `rotation1`, `rotation2`, `rotation3`, `spawntimesecs`, `animprogress`, `state`, `spawnFlags`, `visibilitymod`) VALUES (4116198, 182817, 1, 4482.96, -4131.27, 936.875, 3.99454, 0, 0, 0.91043, -0.413663, 25, 100, 1, 0, 0);
DELETE FROM `gameobject` WHERE `guid`=4116200;
INSERT INTO `gameobject` (`guid`, `id`, `map`, `position_x`, `position_y`, `position_z`, `orientation`, `rotation0`, `rotation1`, `rotation2`, `rotation3`, `spawntimesecs`, `animprogress`, `state`, `spawnFlags`, `visibilitymod`) VALUES (4116200, 182817, 1, 4565.62, -3926.57, 942.386, 6.22457, 0, 0, 0.0293028, -0.999571, 25, 100, 1, 0, 0);

INSERT INTO creature_loot_template SELECT DISTINCT entry, 60005, 100, 0, 1, 1, 0 FROM creature_loot_template;


-- End of migration.
END IF;
END??
delimiter ; 
CALL add_migration();
DROP PROCEDURE IF EXISTS add_migration;
