DROP PROCEDURE IF EXISTS add_migration;
delimiter ??
CREATE PROCEDURE `add_migration`()
BEGIN
DECLARE v INT DEFAULT 1;
SET v = (SELECT COUNT(*) FROM `migrations` WHERE `id`='20190731081000');
IF v=0 THEN
INSERT INTO `migrations` VALUES ('20190731081000');

REPLACE INTO `creature_template` (`entry`, `patch`, `KillCredit1`, `KillCredit2`, `modelid_1`, `modelid_2`, `modelid_3`, `modelid_4`, `name`, `subname`, `gossip_menu_id`, `minlevel`, `maxlevel`, `minhealth`, `maxhealth`, `minmana`, `maxmana`, `armor`, `faction_A`, `faction_H`, `npcflag`, `speed_walk`, `speed_run`, `scale`, `rank`, `mindmg`, `maxdmg`, `dmgschool`, `attackpower`, `dmg_multiplier`, `baseattacktime`, `rangeattacktime`, `unit_class`, `unit_flags`, `dynamicflags`, `family`, `trainer_type`, `trainer_spell`, `trainer_class`, `trainer_race`, `minrangedmg`, `maxrangedmg`, `rangedattackpower`, `type`, `type_flags`, `lootid`, `pickpocketloot`, `skinloot`, `resistance1`, `resistance2`, `resistance3`, `resistance4`, `resistance5`, `resistance6`, `spell1`, `spell2`, `spell3`, `spell4`, `PetSpellDataId`, `mingold`, `maxgold`, `AIName`, `MovementType`, `InhabitType`, `Civilian`, `RacialLeader`, `RegenHealth`, `equipment_id`, `trainer_id`, `vendor_id`, `MechanicImmuneMask`, `SchoolImmuneMask`, `flags_extra`, `aggroRadius`, `ScriptName`) VALUES 
('1000553', '0', '0', '0', '10543', '0', '0', '0', 'Ragtheradon the Invader', 'Burning Crusade', '0', '63', '63', '640000', '640000', '120000', '120000', '4000', '103', '103', '0', '1.5', '1.5', '3', '3', '585', '844', '0', '0', '1', '2000', '200', '1', '32832', '0', '0', '0', '0', '0', '0', '552.8', '760.1', '100', '0', '0', '0', '0', '0', '126', '126', '126', '126', '126', '126', '0', '0', '0', '0', '0', '71655', '93578', '', '0', '1', '0', '0', '1', '0', '0', '0', '650199039', '0', '0', '0', 'boss_bc_dreadlord'),
('1000554', '0', '0', '0', '68', '0', '0', '0', 'Unreleased Demon', '', '0', '1', '1', '600000', '600000', '600000', '600000', '20', '103', '103', '0', '0', '0', '1', '0', '2', '2', '0', '44', '1', '2000', '2000', '1', '262148', '0', '0', '0', '0', '0', '0', '0', '0', '100', '10', '0', '0', '0', '0', '0', '-1', '0', '0', '0', '0', '0', '0', '0', '0', '0', '0', '0', '', '1', '3', '0', '0', '1', '0', '0', '0', '0', '0', '0', '0', ''),
('1000555', '0', '0', '0', '68', '0', '0', '0', 'Released Demon', '', '0', '1', '1', '600000', '600000', '600000', '600000', '20', '103', '103', '0', '0', '0', '1', '0', '2', '2', '0', '44', '1', '2000', '2000', '1', '262148', '0', '0', '0', '0', '0', '0', '0', '0', '100', '10', '0', '0', '0', '0', '0', '-1', '0', '0', '0', '0', '0', '0', '0', '0', '0', '0', '0', '', '1', '3', '0', '0', '1', '0', '0', '0', '0', '0', '0', '0', '');

REPLACE INTO `locales_creature` (`entry`, `name_loc1`, `name_loc8`, `subname_loc1`, `subname_loc8`) VALUES 
('1000553', 'Ragtheradon the Invader', 'Рагтерадон Завоеватель', 'Burning Crusade', 'Пылающий Легион'),
('1000552', 'Invading Felhound', 'Вторгшаяся гончая Скверны', 'Burning Crusade', 'Пылающий Легион'),
('1000551', 'Invading Felguard', 'Вторгшийся страж Скверны', 'Burning Crusade', 'Пылающий Легион'),
('1000550', 'Invading Infernal', 'Вторгшийся Инфернал', 'Burning Crusade', 'Пылающий Легион');

REPLACE INTO `script_texts` (`entry`, `content_default`, `content_loc1`, `content_loc2`, `content_loc3`, `content_loc4`, `content_loc5`, `content_loc6`, `content_loc7`, `content_loc8`, `sound`, `type`, `language`, `emote`, `comment`) VALUES 
('-1999933', 'Why do you reject my blessing, $N? DIE!!!', NULL, NULL, NULL, NULL, NULL, NULL, NULL, 'Почему ты отвергаешь мой дар, $N? УМРИ!!!', '0', '6', '0', '0', 'SAY_REJECTED_GIFT'),
('-1999934', 'You would spurn a gift from a god, $N? You will suffer.', NULL, NULL, NULL, NULL, NULL, NULL, NULL, 'Ты отверг божественный дар, $N? Ты будешь страдать.', '0', '6', '0', '0', 'SAY_REJECTED_GIFT2'),
('-1999935', 'Take my gift, $N! Go and destroy Azeroth!', NULL, NULL, NULL, NULL, NULL, NULL, NULL, 'Прийми мой дар, $N! Иди и разрушай Азерот!', '0', '6', '0', '0', 'SAY_TAKE_GIFT'),
('-1999936', 'Join to us, $N! Join the Burning Legion and BURN THIS WORLD!', NULL, NULL, NULL, NULL, NULL, NULL, NULL, 'Присоединяйся к нам, $N! Присоединяйся к Пылающему Легиону и СОЖГИ ЭТОТ МИР!', '0', '6', '0', '0', 'SAY_TAKE_GIFT2'),
('-1999937', 'Step back, mortals!', NULL, NULL, NULL, NULL, NULL, NULL, NULL, 'Прочь, смертные!', '0', '6', '0', '0', 'SAY_GO_AWAY'),
('-1999938', 'YES! YES! $N - DESTROY YOUR FRIENDS!', NULL, NULL, NULL, NULL, NULL, NULL, NULL, 'ДА! ДА! $N - УБЕЙ СВОИХ ДРУЗЕЙ!', '0', '6', '0', '0', 'SAY_RELEASED_DEMON'),
('-1999939', 'Release your wrath, $N!', NULL, NULL, NULL, NULL, NULL, NULL, NULL, 'Выпусти свой гнев, $N!', '0', '6', '0', '0', 'SAY_RELEASED_DEMON2'),
('-1999940', 'Do you like it, $N? Do you feel the power of demons blood?', NULL, NULL, NULL, NULL, NULL, NULL, NULL, 'Тебе нравится это, $N? Ты чувствуешь силу демонической крови?', '0', '6', '0', '0', 'SAY_LIKE_DEMON'),
('-1999941', 'The rage within you is powerful, $N! Let it pour over you!', NULL, NULL, NULL, NULL, NULL, NULL, NULL, 'Твоя ярость сильна, $N! Дай волю ей!', '0', '6', '0', '0', 'SAY_LIKE_DEMON2'),
('-1999942', 'You are all already dead, mortals!', NULL, NULL, NULL, NULL, NULL, NULL, NULL, 'Вы все уже мертвы, смертные!', '0', '6', '0', '0', 'SAY_SHADOWSTORM'),
('-1999943', 'Shadowstorm!', NULL, NULL, NULL, NULL, NULL, NULL, NULL, 'Буря теней!', '0', '6', '0', '0', 'SAY_SHADOWSTORM2'),
('-1999944', 'Too many souls here... too many heroes...', NULL, NULL, NULL, NULL, NULL, NULL, NULL, 'Слишком много душ здесь... Так много героев!', '0', '6', '0', '0', 'SAY_SO_MANY_SOULS'),
('-1999945', 'Their strength is too much... Its time to finish this children!', NULL, NULL, NULL, NULL, NULL, NULL, NULL, 'Их сила слишком велика... Пора заканчивать, детки!', '0', '6', '0', '0', 'SAY_SO_MANY_SOULS2');

REPLACE INTO `creature` (`guid`, `id`, `map`, `modelid`, `equipment_id`, `position_x`, `position_y`, `position_z`, `orientation`, `spawntimesecs`, `spawndist`, `currentwaypoint`, `curhealth`, `curmana`, `DeathState`, `MovementType`, `spawnFlags`, `visibilitymod`, `patch_min`, `patch_max`) VALUES 
('2090308', '1000553', '0', '0', '0', '2217.68', '-4635.13', '73.6232', '4.07558', '10800', '0', '0', '640000', '120000', '0', '2', '0', '0', '0', '0'),
('2090309', '1000553', '0', '0', '0', '-149.175', '-3057.6', '122.658', '0.820895', '10800', '0', '0', '640000', '120000', '0', '2', '0', '0', '0', '0'),
('2090310', '1000553', '0', '0', '0', '-14731', '503.69', '3.60032', '5.26019', '10800', '0', '0', '640000', '120000', '0', '2', '0', '0', '0', '0'),
('2090311', '1000553', '1', '0', '0', '3170.61', '-4441.01', '90.5628', '5.63483', '10800', '0', '0', '640000', '120000', '0', '2', '0', '0', '0', '0'),
('2090312', '1000553', '0', '0', '0', '-6986.94', '-1697.75', '241.668', '0.930208', '10800', '0', '0', '640000', '120000', '0', '2', '0', '0', '0', '0'),
('2090313', '1000553', '1', '0', '0', '6472.12', '-4868.92', '703.865', '3.76953', '10800', '0', '0', '640000', '120000', '0', '2', '0', '0', '0', '0'),
('2090314', '1000553', '1', '0', '0', '-7196.11', '970.058', '0.943599', '0.0304275', '10800', '0', '0', '640000', '120000', '0', '2', '0', '0', '0', '0'),
('2090315', '1000553', '1', '0', '0', '1327.85', '-4378.93', '26.2183', '0.189001', '10800', '25', '0', '640000', '120000', '0', '1', '0', '0', '0', '0'),
('2090316', '1000553', '0', '0', '0', '1955.49', '233.614', '41.4878', '2.95695', '10800', '25', '0', '640000', '120000', '0', '1', '0', '0', '0', '0'),
('2090317', '1000553', '0', '0', '0', '-5049.16', '-798.057', '495.128', '5.07789', '10800', '25', '0', '640000', '120000', '0', '1', '0', '0', '0', '0'),
('2090318', '1000553', '0', '0', '0', '-9134.73', '382.255', '90.6174', '0.644384', '10800', '25', '0', '640000', '120000', '0', '1', '0', '0', '0', '0');

DELETE FROM `creature_movement` WHERE `id` IN ('2090314','2090313','2090312','2090311','2090310','2090309','2090308');
INSERT INTO `creature_movement` (`id`, `point`, `position_x`, `position_y`, `position_z`, `waittime`, `script_id`, `textid1`, `textid2`, `textid3`, `textid4`, `textid5`, `emote`, `spell`, `wpguid`, `orientation`, `model1`, `model2`) VALUES
('2090308', '1', '2214.16', '-4658.11', '73.612', '0', '0', '0', '0', '0', '0', '0', '0', '0', '0', '4.32064', '0', '0'),
('2090308', '2', '2184.47', '-4693.44', '76.3127', '0', '0', '0', '0', '0', '0', '0', '0', '0', '0', '3.98684', '0', '0'),
('2090308', '3', '2135.04', '-4705.56', '73.6384', '0', '0', '0', '0', '0', '0', '0', '0', '0', '0', '3.38209', '0', '0'),
('2090308', '4', '2074.17', '-4760.2', '76.1188', '0', '0', '0', '0', '0', '0', '0', '0', '0', '0', '5.08326', '0', '0'),
('2090308', '5', '2102.04', '-4875.87', '76.2568', '0', '0', '0', '0', '0', '0', '0', '0', '0', '0', '4.61411', '0', '0'),
('2090308', '6', '1996.74', '-4994.52', '74.3204', '0', '0', '0', '0', '0', '0', '0', '0', '0', '0', '3.95968', '0', '0'),
('2090308', '7', '1948.91', '-5086.59', '87.9663', '0', '0', '0', '0', '0', '0', '0', '0', '0', '0', '4.45921', '0', '0'),
('2090308', '8', '1955.99', '-5138.71', '73.8706', '0', '0', '0', '0', '0', '0', '0', '0', '0', '0', '5.40771', '0', '0'),
('2090308', '9', '1973.13', '-5174.12', '80.2808', '0', '0', '0', '0', '0', '0', '0', '0', '0', '0', '5.44409', '0', '0'),
('2090308', '10', '2048.95', '-5234.47', '84.7319', '0', '0', '0', '0', '0', '0', '0', '0', '0', '0', '5.92853', '0', '0'),
('2090308', '11', '2086.68', '-5252.75', '93.5691', '0', '0', '0', '0', '0', '0', '0', '0', '0', '0', '6.20891', '0', '0'),
('2090308', '12', '2161.15', '-5264.4', '95.7688', '0', '0', '0', '0', '0', '0', '0', '0', '0', '0', '5.90259', '0', '0'),
('2090308', '13', '2225.66', '-5274.71', '78.4114', '0', '0', '0', '0', '0', '0', '0', '0', '0', '0', '6.00862', '0', '0'),
('2090308', '14', '2277.24', '-5271.13', '81.713', '0', '0', '0', '0', '0', '0', '0', '0', '0', '0', '6.0471', '0', '0'),
('2090308', '15', '2246.33', '-5289.37', '82.7429', '0', '0', '0', '0', '0', '0', '0', '0', '0', '0', '1.23338', '0', '0'),
('2090308', '16', '2223.87', '-5288.14', '81.3745', '0', '0', '0', '0', '0', '0', '0', '0', '0', '0', '2.68447', '0', '0'),
('2090308', '17', '2195.6', '-5285.94', '92.6141', '0', '0', '0', '0', '0', '0', '0', '0', '0', '0', '3.01043', '0', '0'),
('2090308', '18', '2159.17', '-5264.57', '95.906', '0', '0', '0', '0', '0', '0', '0', '0', '0', '0', '2.74731', '0', '0'),
('2090308', '19', '2088.12', '-5251.27', '93.4295', '0', '0', '0', '0', '0', '0', '0', '0', '0', '0', '3.15734', '0', '0'),
('2090308', '20', '2037.07', '-5232.79', '84.7326', '0', '0', '0', '0', '0', '0', '0', '0', '0', '0', '2.68764', '0', '0'),
('2090308', '21', '1970.77', '-5170.04', '79.686', '0', '0', '0', '0', '0', '0', '0', '0', '0', '0', '2.30279', '0', '0'),
('2090308', '22', '1956.12', '-5136.5', '74.1724', '0', '0', '0', '0', '0', '0', '0', '0', '0', '0', '1.76714', '0', '0'),
('2090308', '23', '1951.78', '-5089.85', '88.1496', '0', '0', '0', '0', '0', '0', '0', '0', '0', '0', '1.57078', '0', '0'),
('2090308', '24', '1965.1', '-5031.72', '77.8435', '0', '0', '0', '0', '0', '0', '0', '0', '0', '0', '0.949299', '0', '0'),
('2090308', '25', '1983.87', '-4996.98', '77.0092', '0', '0', '0', '0', '0', '0', '0', '0', '0', '0', '1.11109', '0', '0'),
('2090308', '26', '1995.17', '-4900.47', '74.5274', '0', '0', '0', '0', '0', '0', '0', '0', '0', '0', '0.592729', '0', '0'),
('2090308', '27', '2039.11', '-4869.46', '78.1762', '0', '0', '0', '0', '0', '0', '0', '0', '0', '0', '0.705833', '0', '0'),
('2090308', '28', '2065.46', '-4817.41', '76.4659', '0', '0', '0', '0', '0', '0', '0', '0', '0', '0', '0.862912', '0', '0'),
('2090308', '29', '2110.69', '-4719.65', '73.8455', '0', '0', '0', '0', '0', '0', '0', '0', '0', '0', '0.886475', '0', '0'),
('2090308', '30', '2172.49', '-4697.09', '76.3936', '0', '0', '0', '0', '0', '0', '0', '0', '0', '0', '0.371248', '0', '0'),
('2090309', '1', '-145.882', '-3054.38', '122.582', '0', '0', '0', '0', '0', '0', '0', '0', '0', '0', '0.773771', '0', '0'),
('2090309', '2', '-123.784', '-3027.34', '118.282', '0', '0', '0', '0', '0', '0', '0', '0', '0', '0', '0.993683', '0', '0'),
('2090309', '3', '-95.7476', '-2979.02', '122.745', '0', '0', '0', '0', '0', '0', '0', '0', '0', '0', '0.993682', '0', '0'),
('2090309', '4', '-98.8719', '-2957.61', '116.74', '0', '0', '0', '0', '0', '0', '0', '0', '0', '0', '1.78693', '0', '0'),
('2090309', '5', '-115.937', '-2895.75', '122.604', '0', '0', '0', '0', '0', '0', '0', '0', '0', '0', '1.70054', '0', '0'),
('2090309', '6', '-129.739', '-2861.51', '117.576', '0', '0', '0', '0', '0', '0', '0', '0', '0', '0', '1.63378', '0', '0'),
('2090309', '7', '-143.116', '-2897.46', '120.893', '0', '0', '0', '0', '0', '0', '0', '0', '0', '0', '4.31199', '0', '0'),
('2090309', '8', '-143.667', '-2931.29', '119.357', '0', '0', '0', '0', '0', '0', '0', '0', '0', '0', '4.65364', '0', '0'),
('2090309', '9', '-145.385', '-2960.5', '115.692', '0', '0', '0', '0', '0', '0', '0', '0', '0', '0', '4.65364', '0', '0'),
('2090309', '10', '-134.012', '-2990.85', '121.186', '0', '0', '0', '0', '0', '0', '0', '0', '0', '0', '5.39426', '0', '0'),
('2090309', '11', '-118.246', '-3022.18', '118.867', '0', '0', '0', '0', '0', '0', '0', '0', '0', '0', '5.17828', '0', '0'),
('2090310', '1', '-14730.3', '502.247', '3.60152', '0', '0', '0', '0', '0', '0', '0', '0', '0', '0', '5.2861', '0', '0'),
('2090310', '2', '-14679.9', '437.872', '2.65672', '0', '0', '0', '0', '0', '0', '0', '0', '0', '0', '5.36465', '0', '0'),
('2090310', '3', '-14647.8', '370.231', '4.01762', '0', '0', '0', '0', '0', '0', '0', '0', '0', '0', '5.11567', '0', '0'),
('2090310', '4', '-14650.3', '295.57', '3.6137', '0', '0', '0', '0', '0', '0', '0', '0', '0', '0', '4.69639', '0', '0'),
('2090310', '5', '-14622.6', '207.824', '1.34377', '0', '0', '0', '0', '0', '0', '0', '0', '0', '0', '5.40325', '0', '0'),
('2090310', '6', '-14579.7', '174.49', '3.39753', '0', '0', '0', '0', '0', '0', '0', '0', '0', '0', '5.99229', '0', '0'),
('2090310', '7', '-14516.9', '143.692', '3.55245', '0', '0', '0', '0', '0', '0', '0', '0', '0', '0', '5.63651', '0', '0'),
('2090310', '8', '-14447.1', '115.958', '4.94076', '0', '0', '0', '0', '0', '0', '0', '0', '0', '0', '5.82186', '0', '0'),
('2090310', '9', '-14384.5', '100.063', '5.01799', '0', '0', '0', '0', '0', '0', '0', '0', '0', '0', '0.10966', '0', '0'),
('2090310', '10', '-14349.2', '104.403', '1.4794', '0', '0', '0', '0', '0', '0', '0', '0', '0', '0', '0.458368', '0', '0'),
('2090310', '11', '-14322.3', '118.859', '4.43582', '0', '0', '0', '0', '0', '0', '0', '0', '0', '0', '0.325625', '0', '0'),
('2090310', '12', '-14280.1', '134.341', '9.06739', '0', '0', '0', '0', '0', '0', '0', '0', '0', '0', '0.715957', '0', '0'),
('2090310', '13', '-14251.9', '173.698', '9.35581', '0', '0', '0', '0', '0', '0', '0', '0', '0', '0', '0.838476', '0', '0'),
('2090310', '14', '-14221.2', '189.318', '5.95301', '0', '0', '0', '0', '0', '0', '0', '0', '0', '0', '0.895026', '0', '0'),
('2090310', '15', '-14193.8', '238.089', '16.2203', '0', '0', '0', '0', '0', '0', '0', '0', '0', '0', '1.26495', '0', '0'),
('2090310', '16', '-14226.3', '184.778', '6.01527', '0', '0', '0', '0', '0', '0', '0', '0', '0', '0', '3.78309', '0', '0'),
('2090310', '17', '-14242.7', '161.55', '7.92811', '0', '0', '0', '0', '0', '0', '0', '0', '0', '0', '3.81292', '0', '0'),
('2090310', '18', '-14271', '126.062', '9.38727', '0', '0', '0', '0', '0', '0', '0', '0', '0', '0', '3.78229', '0', '0'),
('2090310', '19', '-14314', '114.175', '5.69744', '0', '0', '0', '0', '0', '0', '0', '0', '0', '0', '3.23879', '0', '0'),
('2090310', '20', '-14348.4', '97.5867', '1.66832', '0', '0', '0', '0', '0', '0', '0', '0', '0', '0', '3.05343', '0', '0'),
('2090310', '21', '-14385', '96.7675', '5.40638', '0', '0', '0', '0', '0', '0', '0', '0', '0', '0', '2.88142', '0', '0'),
('2090310', '22', '-14450.6', '120.729', '4.59521', '0', '0', '0', '0', '0', '0', '0', '0', '0', '0', '2.40624', '0', '0'),
('2090310', '23', '-14476.7', '143.882', '2.32522', '0', '0', '0', '0', '0', '0', '0', '0', '0', '0', '2.49761', '0', '0'),
('2090310', '24', '-14500.5', '180.852', '2.39436', '0', '0', '0', '0', '0', '0', '0', '0', '0', '0', '2.63427', '0', '0'),
('2090310', '25', '-14570.9', '186.845', '3.18812', '0', '0', '0', '0', '0', '0', '0', '0', '0', '0', '2.25343', '0', '0'),
('2090310', '26', '-14588.8', '213.882', '3.15124', '0', '0', '0', '0', '0', '0', '0', '0', '0', '0', '2.28876', '0', '0'),
('2090310', '27', '-14610.3', '298.321', '2.43611', '0', '0', '0', '0', '0', '0', '0', '0', '0', '0', '1.90392', '0', '0'),
('2090310', '28', '-14644.5', '371.246', '4.55007', '0', '0', '0', '0', '0', '0', '0', '0', '0', '0', '2.03744', '0', '0'),
('2090310', '29', '-14673.1', '427.958', '2.76296', '0', '0', '0', '0', '0', '0', '0', '0', '0', '0', '2.03744', '0', '0'),
('2090310', '30', '-14699.4', '480.222', '3.01384', '0', '0', '0', '0', '0', '0', '0', '0', '0', '0', '2.03744', '0', '0'),
('2090311', '1', '3170.61', '-4441.01', '90.5628', '0', '0', '0', '0', '0', '0', '0', '0', '0', '0', '5.63483', '0', '0'),
('2090311', '2', '3200.63', '-4461.7', '89.1676', '0', '0', '0', '0', '0', '0', '0', '0', '0', '0', '5.61717', '0', '0'),
('2090311', '3', '3229.28', '-4487.63', '92.523', '0', '0', '0', '0', '0', '0', '0', '0', '0', '0', '5.54648', '0', '0'),
('2090311', '4', '3255.97', '-4515.94', '94.1712', '0', '0', '0', '0', '0', '0', '0', '0', '0', '0', '5.51899', '0', '0'),
('2090311', '5', '3308.51', '-4560.65', '89.9499', '0', '0', '0', '0', '0', '0', '0', '0', '0', '0', '5.55433', '0', '0'),
('2090311', '6', '3364.44', '-4637.5', '94.3741', '0', '0', '0', '0', '0', '0', '0', '0', '0', '0', '5.33643', '0', '0'),
('2090311', '7', '3409.7', '-4702.48', '99.1246', '0', '0', '0', '0', '0', '0', '0', '0', '0', '0', '5.34821', '0', '0'),
('2090311', '8', '3441.04', '-4714.9', '106.486', '0', '0', '0', '0', '0', '0', '0', '0', '0', '0', '6.01658', '0', '0'),
('2090311', '9', '3487.12', '-4708.03', '102.874', '0', '0', '0', '0', '0', '0', '0', '0', '0', '0', '0.273746', '0', '0'),
('2090311', '10', '3537.16', '-4677.31', '103.511', '0', '0', '0', '0', '0', '0', '0', '0', '0', '0', '0.569053', '0', '0'),
('2090311', '11', '3484.67', '-4654.07', '103.154', '0', '0', '0', '0', '0', '0', '0', '0', '0', '0', '2.87498', '0', '0'),
('2090311', '12', '3456.27', '-4656.75', '104.213', '0', '0', '0', '0', '0', '0', '0', '0', '0', '0', '3.25669', '0', '0'),
('2090311', '13', '3430.19', '-4660.84', '104.103', '0', '0', '0', '0', '0', '0', '0', '0', '0', '0', '2.9386', '0', '0'),
('2090311', '14', '3397.09', '-4649.81', '99.6625', '0', '0', '0', '0', '0', '0', '0', '0', '0', '0', '2.63253', '0', '0'),
('2090311', '15', '3372.54', '-4637.75', '94.609', '0', '0', '0', '0', '0', '0', '0', '0', '0', '0', '2.29987', '0', '0'),
('2090311', '16', '3325.38', '-4581.19', '91.479', '0', '0', '0', '0', '0', '0', '0', '0', '0', '0', '2.27631', '0', '0'),
('2090311', '17', '3260.31', '-4519.35', '93.8724', '0', '0', '0', '0', '0', '0', '0', '0', '0', '0', '2.41376', '0', '0'),
('2090311', '18', '3249.86', '-4510.04', '94.0653', '0', '0', '0', '0', '0', '0', '0', '0', '0', '0', '2.41376', '0', '0'),
('2090311', '19', '3220.82', '-4483.46', '91.8112', '0', '0', '0', '0', '0', '0', '0', '0', '0', '0', '2.46402', '0', '0'),
('2090311', '20', '3193.66', '-4459.7', '88.8931', '0', '0', '0', '0', '0', '0', '0', '0', '0', '0', '2.54256', '0', '0'),
('2090312', '1', '-6985.18', '-1697.37', '241.668', '0', '0', '0', '0', '0', '0', '0', '0', '0', '0', '1.49946', '0', '0'),
('2090312', '2', '-6954.05', '-1652.52', '240.744', '0', '0', '0', '0', '0', '0', '0', '0', '0', '0', '0.965388', '0', '0'),
('2090312', '3', '-6912.02', '-1644.46', '241.082', '0', '0', '0', '0', '0', '0', '0', '0', '0', '0', '6.18906', '0', '0'),
('2090312', '4', '-6877.31', '-1634.43', '244.213', '0', '0', '0', '0', '0', '0', '0', '0', '0', '0', '0.187831', '0', '0'),
('2090312', '5', '-6864.39', '-1573.77', '242.8', '0', '0', '0', '0', '0', '0', '0', '0', '0', '0', '1.35807', '0', '0'),
('2090312', '6', '-6914.49', '-1548.85', '241.718', '0', '0', '0', '0', '0', '0', '0', '0', '0', '0', '2.6854', '0', '0'),
('2090312', '7', '-6964.35', '-1536.25', '245.172', '0', '0', '0', '0', '0', '0', '0', '0', '0', '0', '2.89746', '0', '0'),
('2090312', '8', '-7021.29', '-1542.18', '242.057', '0', '0', '0', '0', '0', '0', '0', '0', '0', '0', '3.2234', '0', '0'),
('2090312', '9', '-7057.5', '-1506.6', '240.706', '0', '0', '0', '0', '0', '0', '0', '0', '0', '0', '2.61527', '0', '0'),
('2090312', '10', '-7118.89', '-1495.92', '240.491', '0', '0', '0', '0', '0', '0', '0', '0', '0', '0', '3.02054', '0', '0'),
('2090312', '11', '-7155.65', '-1545.85', '241.307', '0', '0', '0', '0', '0', '0', '0', '0', '0', '0', '4.23791', '0', '0'),
('2090312', '12', '-7176.74', '-1587.24', '243.502', '0', '0', '0', '0', '0', '0', '0', '0', '0', '0', '4.13345', '0', '0'),
('2090312', '13', '-7188.89', '-1597.68', '240.234', '0', '0', '0', '0', '0', '0', '0', '0', '0', '0', '4.79239', '0', '0'),
('2090312', '14', '-7162.28', '-1656.38', '241.472', '0', '0', '0', '0', '0', '0', '0', '0', '0', '0', '5.13459', '0', '0'),
('2090312', '15', '-7123.94', '-1691.08', '241.592', '0', '0', '0', '0', '0', '0', '0', '0', '0', '0', '5.50137', '0', '0'),
('2090312', '16', '-7081.86', '-1689.64', '241.47', '0', '0', '0', '0', '0', '0', '0', '0', '0', '0', '6.1955', '0', '0'),
('2090312', '17', '-7059.41', '-1686.06', '241.669', '0', '0', '0', '0', '0', '0', '0', '0', '0', '0', '0.085106', '0', '0'),
('2090312', '18', '-7033.37', '-1686.13', '240.313', '0', '0', '0', '0', '0', '0', '0', '0', '0', '0', '6.09088', '0', '0'),
('2090312', '19', '-7011.34', '-1690.59', '241.668', '0', '0', '0', '0', '0', '0', '0', '0', '0', '0', '6.08089', '0', '0'),
('2090313', '1', '6472.12', '-4868.92', '703.865', '0', '0', '0', '0', '0', '0', '0', '0', '0', '0', '3.76953', '0', '0'),
('2090313', '2', '6385.75', '-4914.58', '711.01', '0', '0', '0', '0', '0', '0', '0', '0', '0', '0', '3.6156', '0', '0'),
('2090313', '3', '6299.93', '-4887.85', '722.682', '0', '0', '0', '0', '0', '0', '0', '0', '0', '0', '3.02704', '0', '0'),
('2090313', '4', '6263.73', '-4890.87', '728.127', '0', '0', '0', '0', '0', '0', '0', '0', '0', '0', '3.43465', '0', '0'),
('2090313', '5', '6178.06', '-4919.24', '737.499', '0', '0', '0', '0', '0', '0', '0', '0', '0', '0', '3.36947', '0', '0'),
('2090313', '6', '6132.58', '-4924.46', '743.727', '0', '0', '0', '0', '0', '0', '0', '0', '0', '0', '3.18333', '0', '0'),
('2090313', '7', '6059.45', '-4921.87', '749.853', '0', '0', '0', '0', '0', '0', '0', '0', '0', '0', '2.99562', '0', '0'),
('2090313', '8', '5953.36', '-4908.8', '754.589', '0', '0', '0', '0', '0', '0', '0', '0', '0', '0', '2.99091', '0', '0'),
('2090313', '9', '5857.66', '-4843.04', '765.308', '0', '0', '0', '0', '0', '0', '0', '0', '0', '0', '2.28571', '0', '0'),
('2090313', '10', '5808.41', '-4785.29', '773.91', '0', '0', '0', '0', '0', '0', '0', '0', '0', '0', '2.70844', '0', '0'),
('2090313', '11', '5862.08', '-4848.14', '764.127', '0', '0', '0', '0', '0', '0', '0', '0', '0', '0', '5.4372', '0', '0'),
('2090313', '12', '5955.34', '-4909.11', '754.564', '0', '0', '0', '0', '0', '0', '0', '0', '0', '0', '6.05345', '0', '0'),
('2090313', '13', '6061.28', '-4922.67', '749.757', '0', '0', '0', '0', '0', '0', '0', '0', '0', '0', '6.22388', '0', '0'),
('2090313', '14', '6136.49', '-4923.3', '743.368', '0', '0', '0', '0', '0', '0', '0', '0', '0', '0', '6.26394', '0', '0'),
('2090313', '15', '6180.41', '-4916.94', '736.86', '0', '0', '0', '0', '0', '0', '0', '0', '0', '0', '0.220299', '0', '0'),
('2090313', '16', '6262.68', '-4892.26', '728.285', '0', '0', '0', '0', '0', '0', '0', '0', '0', '0', '0.322397', '0', '0'),
('2090313', '17', '6303.05', '-4886.45', '722.272', '0', '0', '0', '0', '0', '0', '0', '0', '0', '0', '6.17361', '0', '0'),
('2090313', '18', '6382.6', '-4911.08', '711.561', '0', '0', '0', '0', '0', '0', '0', '0', '0', '0', '6.13041', '0', '0'),
('2090313', '19', '6417.8', '-4904.26', '708.608', '0', '0', '0', '0', '0', '0', '0', '0', '0', '0', '0.519168', '0', '0'),
('2090314', '1', '-7196.11', '970.058', '0.943599', '0', '0', '0', '0', '0', '0', '0', '0', '0', '0', '0.030427', '0', '0'),
('2090314', '2', '-7103.94', '959.289', '3.25377', '0', '0', '0', '0', '0', '0', '0', '0', '0', '0', '0.144307', '0', '0'),
('2090314', '3', '-6997.34', '971.104', '6.89659', '0', '0', '0', '0', '0', '0', '0', '0', '0', '0', '0.076725', '0', '0'),
('2090314', '4', '-6929.2', '920.715', '22.3747', '0', '0', '0', '0', '0', '0', '0', '0', '0', '0', '5.60986', '0', '0'),
('2090314', '5', '-6874.42', '865.69', '35.4996', '0', '0', '0', '0', '0', '0', '0', '0', '0', '0', '5.45907', '0', '0'),
('2090314', '6', '-6857', '812.738', '42.914', '0', '0', '0', '0', '0', '0', '0', '0', '0', '0', '5.40566', '0', '0'),
('2090314', '7', '-6825.65', '746.515', '42.4872', '0', '0', '0', '0', '0', '0', '0', '0', '0', '0', '5.13864', '0', '0'),
('2090314', '8', '-6859.1', '811.773', '42.7342', '0', '0', '0', '0', '0', '0', '0', '0', '0', '0', '1.97862', '0', '0'),
('2090314', '9', '-6877.38', '866.166', '35.3144', '0', '0', '0', '0', '0', '0', '0', '0', '0', '0', '1.87885', '0', '0'),
('2090314', '10', '-6877.38', '866.166', '35.3144', '0', '0', '0', '0', '0', '0', '0', '0', '0', '0', '1.87885', '0', '0'),
('2090314', '11', '-6930.27', '921.339', '22.1161', '0', '0', '0', '0', '0', '0', '0', '0', '0', '0', '2.37209', '0', '0'),
('2090314', '12', '-7002.49', '968.835', '6.52767', '0', '0', '0', '0', '0', '0', '0', '0', '0', '0', '3.11822', '0', '0'),
('2090314', '13', '-7102.29', '962.615', '3.21657', '0', '0', '0', '0', '0', '0', '0', '0', '0', '0', '3.11822', '0', '0');

REPLACE INTO `pool_template` (`entry`, `max_limit`, `description`, `flags`, `instance`) VALUES ('41000', '1', 'Ragtheradon the Invader', '0', '0');

REPLACE INTO `game_event` (`entry`, `start_time`, `end_time`, `occurence`, `length`, `holiday`, `description`, `hardcoded`, `disabled`, `patch_min`, `patch_max`) VALUES 
('171', '0000-00-00 00:00:00', '0000-00-00 00:00:00', '1', '999999999', '0', 'Ragtheradon the Invader', '0', '0', '0', '10');

REPLACE INTO `pool_creature` (`guid`, `pool_entry`, `chance`, `description`, `flags`) VALUES 
('2090308', '41000', '9', 'Ragtheradon the Invader', '0'),
('2090309', '41000', '9', 'Ragtheradon the Invader', '0'),
('2090310', '41000', '9', 'Ragtheradon the Invader', '0'),
('2090311', '41000', '9', 'Ragtheradon the Invader', '0'),
('2090312', '41000', '9', 'Ragtheradon the Invader', '0'),
('2090313', '41000', '9', 'Ragtheradon the Invader', '0'),
('2090314', '41000', '9', 'Ragtheradon the Invader', '0'),
('2090315', '41000', '9', 'Ragtheradon the Invader', '0'),
('2090316', '41000', '9', 'Ragtheradon the Invader', '0'),
('2090317', '41000', '9', 'Ragtheradon the Invader', '0'),
('2090318', '41000', '9', 'Ragtheradon the Invader', '0');

DELETE FROM `game_event_creature` WHERE `event` = '171';
REPLACE INTO `game_event_creature` (`guid`, `event`) VALUES 
('2090308', '171'),
('2090309', '171'),
('2090310', '171'),
('2090311', '171'),
('2090312', '171'),
('2090313', '171'),
('2090314', '171'),
('2090315', '171'),
('2090316', '171'),
('2090317', '171'),
('2090318', '171');

END IF;
END??
delimiter ; 
CALL add_migration();
DROP PROCEDURE IF EXISTS add_migration;
