DROP PROCEDURE IF EXISTS add_migration;
delimiter ??
CREATE PROCEDURE `add_migration`()
BEGIN
DECLARE v INT DEFAULT 1;
SET v = (SELECT COUNT(*) FROM `migrations` WHERE `id`='20201014160040');
IF v=0 THEN
INSERT INTO `migrations` VALUES ('20201014160040');
-- Add your query below.

-- Zombie Loot TABLE
-- 1000108

-- BIG Zombie Loot TABLE
-- 1000109

-- Custom Gobs
-- Spiderweb Templates
DELETE FROM `gameobject_template` WHERE `entry`=3100029;
INSERT INTO `gameobject_template` (`entry`, `type`, `displayId`, `name`, `faction`, `flags`, `size`, `data0`, `data1`, `data2`, `data3`, `data4`, `data5`, `data6`, `data7`, `data8`, `data9`, `data10`, `data11`, `data12`, `data13`, `data14`, `data15`, `data16`, `data17`, `data18`, `data19`, `data20`, `data21`, `data22`, `data23`, `mingold`, `maxgold`, `ScriptName`) VALUES (3100029, 0, 6688, 'Spiderweb Medium', 0, 48, 0.5, 1, 0, 0, 0, 0, 0, 0, 0, 0, 0, 0, 0, 0, 0, 0, 0, 0, 0, 0, 0, 0, 0, 0, 0, 0, 0, '');
DELETE FROM `gameobject_template` WHERE `entry`=3100030;
INSERT INTO `gameobject_template` (`entry`, `type`, `displayId`, `name`, `faction`, `flags`, `size`, `data0`, `data1`, `data2`, `data3`, `data4`, `data5`, `data6`, `data7`, `data8`, `data9`, `data10`, `data11`, `data12`, `data13`, `data14`, `data15`, `data16`, `data17`, `data18`, `data19`, `data20`, `data21`, `data22`, `data23`, `mingold`, `maxgold`, `ScriptName`) VALUES (3100030, 0, 6688, 'Spiderweb Small', 0, 48, 0.25, 1, 0, 0, 0, 0, 0, 0, 0, 0, 0, 0, 0, 0, 0, 0, 0, 0, 0, 0, 0, 0, 0, 0, 0, 0, 0, '');
DELETE FROM `gameobject_template` WHERE `entry`=3100031;
INSERT INTO `gameobject_template` (`entry`, `type`, `displayId`, `name`, `faction`, `flags`, `size`, `data0`, `data1`, `data2`, `data3`, `data4`, `data5`, `data6`, `data7`, `data8`, `data9`, `data10`, `data11`, `data12`, `data13`, `data14`, `data15`, `data16`, `data17`, `data18`, `data19`, `data20`, `data21`, `data22`, `data23`, `mingold`, `maxgold`, `ScriptName`) VALUES (3100031, 0, 6688, 'Spiderweb Very Small', 0, 48, 0.1, 1, 0, 0, 0, 0, 0, 0, 0, 0, 0, 0, 0, 0, 0, 0, 0, 0, 0, 0, 0, 0, 0, 0, 0, 0, 0, '');

-- Spiderweb & Egg locations
DELETE FROM `gameobject` WHERE `guid`=4416643;
INSERT INTO `gameobject` (`guid`, `id`, `map`, `position_x`, `position_y`, `position_z`, `orientation`, `rotation0`, `rotation1`, `rotation2`, `rotation3`, `spawntimesecs`, `animprogress`, `state`, `spawnFlags`, `visibilitymod`) VALUES (4416643, 181197, 0, -9480.7, 62.88, 56.16, 0.1, 0, 0, 0.0509041, -0.998704, 0, 100, 1, 0, 0);
DELETE FROM `gameobject` WHERE `guid`=4416647;
INSERT INTO `gameobject` (`guid`, `id`, `map`, `position_x`, `position_y`, `position_z`, `orientation`, `rotation0`, `rotation1`, `rotation2`, `rotation3`, `spawntimesecs`, `animprogress`, `state`, `spawnFlags`, `visibilitymod`) VALUES (4416647, 181197, 0, -9407.34, 67.1801, 58.854, 5.80194, 0, 0, 0.238305, -0.97119, 25, 100, 1, 0, 0);
DELETE FROM `gameobject` WHERE `guid`=4416663;
INSERT INTO `gameobject` (`guid`, `id`, `map`, `position_x`, `position_y`, `position_z`, `orientation`, `rotation0`, `rotation1`, `rotation2`, `rotation3`, `spawntimesecs`, `animprogress`, `state`, `spawnFlags`, `visibilitymod`) VALUES (4416663, 181197, 0, -9565.23, -37.8508, 60.8776, 3.31806, 0, 0, 0.99611, -0.0881171, 25, 100, 1, 0, 0);
DELETE FROM `gameobject` WHERE `guid`=4416685;
INSERT INTO `gameobject` (`guid`, `id`, `map`, `position_x`, `position_y`, `position_z`, `orientation`, `rotation0`, `rotation1`, `rotation2`, `rotation3`, `spawntimesecs`, `animprogress`, `state`, `spawnFlags`, `visibilitymod`) VALUES (4416685, 181197, 0, -9669.65, -6.85992, 45.1594, 2.76511, 0, 0, 0.982335, 0.187131, 25, 100, 1, 0, 0);
DELETE FROM `gameobject` WHERE `guid`=4416686;
INSERT INTO `gameobject` (`guid`, `id`, `map`, `position_x`, `position_y`, `position_z`, `orientation`, `rotation0`, `rotation1`, `rotation2`, `rotation3`, `spawntimesecs`, `animprogress`, `state`, `spawnFlags`, `visibilitymod`) VALUES (4416686, 181197, 0, -9671.06, -5.37451, 52.4497, 3.26383, 0, 0, 0.998133, -0.0610799, 25, 100, 1, 0, 0);
DELETE FROM `gameobject` WHERE `guid`=4416694;
INSERT INTO `gameobject` (`guid`, `id`, `map`, `position_x`, `position_y`, `position_z`, `orientation`, `rotation0`, `rotation1`, `rotation2`, `rotation3`, `spawntimesecs`, `animprogress`, `state`, `spawnFlags`, `visibilitymod`) VALUES (4416694, 181197, 0, -9630.68, 17.2039, 51.0308, 1.81691, 0, 0, 0.788553, 0.614966, 25, 100, 1, 0, 0);
DELETE FROM `gameobject` WHERE `guid`=4416695;
INSERT INTO `gameobject` (`guid`, `id`, `map`, `position_x`, `position_y`, `position_z`, `orientation`, `rotation0`, `rotation1`, `rotation2`, `rotation3`, `spawntimesecs`, `animprogress`, `state`, `spawnFlags`, `visibilitymod`) VALUES (4416695, 181197, 0, -9652.42, 22.3393, 54.646, 2.11928, 0, 0, 0.87218, 0.489186, 25, 100, 1, 0, 0);
DELETE FROM `gameobject` WHERE `guid`=4416696;
INSERT INTO `gameobject` (`guid`, `id`, `map`, `position_x`, `position_y`, `position_z`, `orientation`, `rotation0`, `rotation1`, `rotation2`, `rotation3`, `spawntimesecs`, `animprogress`, `state`, `spawnFlags`, `visibilitymod`) VALUES (4416696, 181197, 0, -9623.66, 1.74702, 55.0646, 0.945098, 0, 0, 0.455157, 0.890411, 25, 100, 1, 0, 0);
DELETE FROM `gameobject` WHERE `guid`=4416700;
INSERT INTO `gameobject` (`guid`, `id`, `map`, `position_x`, `position_y`, `position_z`, `orientation`, `rotation0`, `rotation1`, `rotation2`, `rotation3`, `spawntimesecs`, `animprogress`, `state`, `spawnFlags`, `visibilitymod`) VALUES (4416700, 181197, 0, -9613.27, -21.624, 56.0638, 1.31581, 0, 0, 0.611459, 0.791276, 25, 100, 1, 0, 0);
DELETE FROM `gameobject` WHERE `guid`=4416702;
INSERT INTO `gameobject` (`guid`, `id`, `map`, `position_x`, `position_y`, `position_z`, `orientation`, `rotation0`, `rotation1`, `rotation2`, `rotation3`, `spawntimesecs`, `animprogress`, `state`, `spawnFlags`, `visibilitymod`) VALUES (4416702, 181197, 0, -9618.98, -28.8854, 52.1125, 2.72873, 0, 0, 0.978768, 0.204969, 25, 100, 1, 0, 0);
DELETE FROM `gameobject` WHERE `guid`=4416703;
INSERT INTO `gameobject` (`guid`, `id`, `map`, `position_x`, `position_y`, `position_z`, `orientation`, `rotation0`, `rotation1`, `rotation2`, `rotation3`, `spawntimesecs`, `animprogress`, `state`, `spawnFlags`, `visibilitymod`) VALUES (4416703, 181197, 0, -9624.85, -36.17, 45.7741, 2.12004, 0, 0, 0.872366, 0.488853, 25, 100, 1, 0, 0);
DELETE FROM `gameobject` WHERE `guid`=4416628;
INSERT INTO `gameobject` (`guid`, `id`, `map`, `position_x`, `position_y`, `position_z`, `orientation`, `rotation0`, `rotation1`, `rotation2`, `rotation3`, `spawntimesecs`, `animprogress`, `state`, `spawnFlags`, `visibilitymod`) VALUES (4416628, 3100029, 0, -9457.67, 40.5584, 63.2831, 4.65304, 0, 0, 0.727775, -0.685816, 25, 100, 1, 0, 0);
DELETE FROM `gameobject` WHERE `guid`=4416644;
INSERT INTO `gameobject` (`guid`, `id`, `map`, `position_x`, `position_y`, `position_z`, `orientation`, `rotation0`, `rotation1`, `rotation2`, `rotation3`, `spawntimesecs`, `animprogress`, `state`, `spawnFlags`, `visibilitymod`) VALUES (4416644, 3100029, 0, -9471.63, 93.7394, 57.7288, 0.883014, 0, 0, 0.427302, 0.904109, 25, 100, 1, 0, 0);
DELETE FROM `gameobject` WHERE `guid`=4416653;
INSERT INTO `gameobject` (`guid`, `id`, `map`, `position_x`, `position_y`, `position_z`, `orientation`, `rotation0`, `rotation1`, `rotation2`, `rotation3`, `spawntimesecs`, `animprogress`, `state`, `spawnFlags`, `visibilitymod`) VALUES (4416653, 3100029, 0, -9454.17, 89.635, 67.0823, 2.83079, 0, 0, 0.98795, 0.154775, 25, 100, 1, 0, 0);
DELETE FROM `gameobject` WHERE `guid`=4416654;
INSERT INTO `gameobject` (`guid`, `id`, `map`, `position_x`, `position_y`, `position_z`, `orientation`, `rotation0`, `rotation1`, `rotation2`, `rotation3`, `spawntimesecs`, `animprogress`, `state`, `spawnFlags`, `visibilitymod`) VALUES (4416654, 3100029, 0, -9450.86, 11.4526, 58.8986, 4.90816, 0, 0, 0.634619, -0.772825, 25, 100, 1, 0, 0);
DELETE FROM `gameobject` WHERE `guid`=4416658;
INSERT INTO `gameobject` (`guid`, `id`, `map`, `position_x`, `position_y`, `position_z`, `orientation`, `rotation0`, `rotation1`, `rotation2`, `rotation3`, `spawntimesecs`, `animprogress`, `state`, `spawnFlags`, `visibilitymod`) VALUES (4416658, 3100029, 0, -9480.16, 26.0939, 60.5695, 0.778058, 0, 0, 0.37929, 0.925278, 25, 100, 1, 0, 0);
DELETE FROM `gameobject` WHERE `guid`=4416659;
INSERT INTO `gameobject` (`guid`, `id`, `map`, `position_x`, `position_y`, `position_z`, `orientation`, `rotation0`, `rotation1`, `rotation2`, `rotation3`, `spawntimesecs`, `animprogress`, `state`, `spawnFlags`, `visibilitymod`) VALUES (4416659, 3100029, 0, -9476.33, 2.33739, 57.1546, 0.990096, 0, 0, 0.475074, 0.879946, 25, 100, 1, 0, 0);
DELETE FROM `gameobject` WHERE `guid`=4416670;
INSERT INTO `gameobject` (`guid`, `id`, `map`, `position_x`, `position_y`, `position_z`, `orientation`, `rotation0`, `rotation1`, `rotation2`, `rotation3`, `spawntimesecs`, `animprogress`, `state`, `spawnFlags`, `visibilitymod`) VALUES (4416670, 3100029, 0, -9634.5, 11.8054, 46.818, 1.55167, 0, 0, 0.700313, 0.713836, 25, 100, 1, 0, 0);
DELETE FROM `gameobject` WHERE `guid`=4416671;
INSERT INTO `gameobject` (`guid`, `id`, `map`, `position_x`, `position_y`, `position_z`, `orientation`, `rotation0`, `rotation1`, `rotation2`, `rotation3`, `spawntimesecs`, `animprogress`, `state`, `spawnFlags`, `visibilitymod`) VALUES (4416671, 3100029, 0, -9654.92, 12.3873, 46.6038, 2.52949, 0, 0, 0.953531, 0.301294, 25, 100, 1, 0, 0);
DELETE FROM `gameobject` WHERE `guid`=4416672;
INSERT INTO `gameobject` (`guid`, `id`, `map`, `position_x`, `position_y`, `position_z`, `orientation`, `rotation0`, `rotation1`, `rotation2`, `rotation3`, `spawntimesecs`, `animprogress`, `state`, `spawnFlags`, `visibilitymod`) VALUES (4416672, 3100029, 0, -9667.21, 9.71446, 46.6197, 1.75195, 0, 0, 0.768168, 0.640249, 25, 100, 1, 0, 0);
DELETE FROM `gameobject` WHERE `guid`=4416680;
INSERT INTO `gameobject` (`guid`, `id`, `map`, `position_x`, `position_y`, `position_z`, `orientation`, `rotation0`, `rotation1`, `rotation2`, `rotation3`, `spawntimesecs`, `animprogress`, `state`, `spawnFlags`, `visibilitymod`) VALUES (4416680, 3100029, 0, -9633.12, -29.5403, 45.195, 5.82032, 0, 0, 0.229372, -0.973339, 25, 100, 1, 0, 0);
DELETE FROM `gameobject` WHERE `guid`=4416687;
INSERT INTO `gameobject` (`guid`, `id`, `map`, `position_x`, `position_y`, `position_z`, `orientation`, `rotation0`, `rotation1`, `rotation2`, `rotation3`, `spawntimesecs`, `animprogress`, `state`, `spawnFlags`, `visibilitymod`) VALUES (4416687, 3100029, 0, -9661.4, 13.3467, 51.2297, 3.57406, 0, 0, 0.976712, -0.214553, 25, 100, 1, 0, 0);
DELETE FROM `gameobject` WHERE `guid`=4416688;
INSERT INTO `gameobject` (`guid`, `id`, `map`, `position_x`, `position_y`, `position_z`, `orientation`, `rotation0`, `rotation1`, `rotation2`, `rotation3`, `spawntimesecs`, `animprogress`, `state`, `spawnFlags`, `visibilitymod`) VALUES (4416688, 3100029, 0, -9639.08, 21.0906, 53.1841, 2.2271, 0, 0, 0.897271, 0.44148, 25, 100, 1, 0, 0);
DELETE FROM `gameobject` WHERE `guid`=4416642;
INSERT INTO `gameobject` (`guid`, `id`, `map`, `position_x`, `position_y`, `position_z`, `orientation`, `rotation0`, `rotation1`, `rotation2`, `rotation3`, `spawntimesecs`, `animprogress`, `state`, `spawnFlags`, `visibilitymod`) VALUES (4416642, 3100030, 0, -9466.48, 41.2282, 63.0198, 5.93392, 0, 0, 0.173745, -0.984791, 25, 100, 1, 0, 0);
DELETE FROM `gameobject` WHERE `guid`=4416650;
INSERT INTO `gameobject` (`guid`, `id`, `map`, `position_x`, `position_y`, `position_z`, `orientation`, `rotation0`, `rotation1`, `rotation2`, `rotation3`, `spawntimesecs`, `animprogress`, `state`, `spawnFlags`, `visibilitymod`) VALUES (4416650, 3100030, 0, -9440.97, 102.65, 58.2773, 2.74281, 0, 0, 0.980188, 0.198071, 25, 100, 1, 0, 0);
DELETE FROM `gameobject` WHERE `guid`=4416651;
INSERT INTO `gameobject` (`guid`, `id`, `map`, `position_x`, `position_y`, `position_z`, `orientation`, `rotation0`, `rotation1`, `rotation2`, `rotation3`, `spawntimesecs`, `animprogress`, `state`, `spawnFlags`, `visibilitymod`) VALUES (4416651, 3100030, 0, -9442.24, 105.756, 66.2105, 2.69648, 0, 0, 0.975336, 0.220726, 25, 100, 1, 0, 0);
DELETE FROM `gameobject` WHERE `guid`=4416652;
INSERT INTO `gameobject` (`guid`, `id`, `map`, `position_x`, `position_y`, `position_z`, `orientation`, `rotation0`, `rotation1`, `rotation2`, `rotation3`, `spawntimesecs`, `animprogress`, `state`, `spawnFlags`, `visibilitymod`) VALUES (4416652, 3100030, 0, -9448.83, 86.4026, 56.9509, 2.98787, 0, 0, 0.997048, 0.0767848, 25, 100, 1, 0, 0);
DELETE FROM `gameobject` WHERE `guid`=4416660;
INSERT INTO `gameobject` (`guid`, `id`, `map`, `position_x`, `position_y`, `position_z`, `orientation`, `rotation0`, `rotation1`, `rotation2`, `rotation3`, `spawntimesecs`, `animprogress`, `state`, `spawnFlags`, `visibilitymod`) VALUES (4416660, 3100030, 0, -9533.03, 26.1046, 60.2438, 3.60864, 0, 0, 0.972857, -0.231405, 25, 100, 1, 0, 0);
DELETE FROM `gameobject` WHERE `guid`=4416679;
INSERT INTO `gameobject` (`guid`, `id`, `map`, `position_x`, `position_y`, `position_z`, `orientation`, `rotation0`, `rotation1`, `rotation2`, `rotation3`, `spawntimesecs`, `animprogress`, `state`, `spawnFlags`, `visibilitymod`) VALUES (4416679, 3100030, 0, -9629.13, -6.25911, 47.2638, 0.723084, 0, 0, 0.353717, 0.935353, 25, 100, 1, 0, 0);
DELETE FROM `gameobject` WHERE `guid`=4416682;
INSERT INTO `gameobject` (`guid`, `id`, `map`, `position_x`, `position_y`, `position_z`, `orientation`, `rotation0`, `rotation1`, `rotation2`, `rotation3`, `spawntimesecs`, `animprogress`, `state`, `spawnFlags`, `visibilitymod`) VALUES (4416682, 3100030, 0, -9621.03, -7.46738, 50.1571, 1.09613, 0, 0, 0.521037, 0.853534, 25, 100, 1, 0, 0);
DELETE FROM `gameobject` WHERE `guid`=4416683;
INSERT INTO `gameobject` (`guid`, `id`, `map`, `position_x`, `position_y`, `position_z`, `orientation`, `rotation0`, `rotation1`, `rotation2`, `rotation3`, `spawntimesecs`, `animprogress`, `state`, `spawnFlags`, `visibilitymod`) VALUES (4416683, 3100030, 0, -9619.53, -19.3313, 50.4804, 1.06472, 0, 0, 0.507567, 0.861612, 25, 100, 1, 0, 0);
DELETE FROM `gameobject` WHERE `guid`=4416692;
INSERT INTO `gameobject` (`guid`, `id`, `map`, `position_x`, `position_y`, `position_z`, `orientation`, `rotation0`, `rotation1`, `rotation2`, `rotation3`, `spawntimesecs`, `animprogress`, `state`, `spawnFlags`, `visibilitymod`) VALUES (4416692, 3100030, 0, -9641.08, -30.8414, 44.1499, 6.02449, 0, 0, 0.128987, -0.991646, 25, 100, 1, 0, 0);
DELETE FROM `gameobject` WHERE `guid`=4416693;
INSERT INTO `gameobject` (`guid`, `id`, `map`, `position_x`, `position_y`, `position_z`, `orientation`, `rotation0`, `rotation1`, `rotation2`, `rotation3`, `spawntimesecs`, `animprogress`, `state`, `spawnFlags`, `visibilitymod`) VALUES (4416693, 3100030, 0, -9677.75, -19.4209, 42.5065, 2.67085, 0, 0, 0.972428, 0.233203, 25, 100, 1, 0, 0);
DELETE FROM `gameobject` WHERE `guid`=4416701;
INSERT INTO `gameobject` (`guid`, `id`, `map`, `position_x`, `position_y`, `position_z`, `orientation`, `rotation0`, `rotation1`, `rotation2`, `rotation3`, `spawntimesecs`, `animprogress`, `state`, `spawnFlags`, `visibilitymod`) VALUES (4416701, 3100030, 0, -9619.28, -15.7901, 51.214, 0.310487, 0, 0, 0.154621, 0.987974, 25, 100, 1, 0, 0);
DELETE FROM `gameobject` WHERE `guid`=4416641;
INSERT INTO `gameobject` (`guid`, `id`, `map`, `position_x`, `position_y`, `position_z`, `orientation`, `rotation0`, `rotation1`, `rotation2`, `rotation3`, `spawntimesecs`, `animprogress`, `state`, `spawnFlags`, `visibilitymod`) VALUES (4416641, 3100031, 0, -9464.45, 40.1387, 56.5748, 5.66692, 0, 0, 0.303279, -0.952902, 25, 100, 1, 0, 0);
DELETE FROM `gameobject` WHERE `guid`=4416645;
INSERT INTO `gameobject` (`guid`, `id`, `map`, `position_x`, `position_y`, `position_z`, `orientation`, `rotation0`, `rotation1`, `rotation2`, `rotation3`, `spawntimesecs`, `animprogress`, `state`, `spawnFlags`, `visibilitymod`) VALUES (4416645, 3100031, 0, -9425.96, 58.4996, 57.3005, 0.937987, 0, 0, 0.451989, 0.892024, 25, 100, 1, 0, 0);
DELETE FROM `gameobject` WHERE `guid`=4416646;
INSERT INTO `gameobject` (`guid`, `id`, `map`, `position_x`, `position_y`, `position_z`, `orientation`, `rotation0`, `rotation1`, `rotation2`, `rotation3`, `spawntimesecs`, `animprogress`, `state`, `spawnFlags`, `visibilitymod`) VALUES (4416646, 3100031, 0, -9431.94, 63.8531, 56.622, 0.4314, 0, 0, 0.214031, 0.976827, 25, 100, 1, 0, 0);
DELETE FROM `gameobject` WHERE `guid`=4416655;
INSERT INTO `gameobject` (`guid`, `id`, `map`, `position_x`, `position_y`, `position_z`, `orientation`, `rotation0`, `rotation1`, `rotation2`, `rotation3`, `spawntimesecs`, `animprogress`, `state`, `spawnFlags`, `visibilitymod`) VALUES (4416655, 3100031, 0, -9466.3, 102.482, 58.3386, 2.87398, 0, 0, 0.991061, 0.133409, 25, 100, 1, 0, 0);
DELETE FROM `gameobject` WHERE `guid`=4416656;
INSERT INTO `gameobject` (`guid`, `id`, `map`, `position_x`, `position_y`, `position_z`, `orientation`, `rotation0`, `rotation1`, `rotation2`, `rotation3`, `spawntimesecs`, `animprogress`, `state`, `spawnFlags`, `visibilitymod`) VALUES (4416656, 3100031, 0, -9493, 89.0754, 56.5198, 3.54157, 0, 0, 0.980069, -0.198657, 25, 100, 1, 0, 0);
DELETE FROM `gameobject` WHERE `guid`=4416657;
INSERT INTO `gameobject` (`guid`, `id`, `map`, `position_x`, `position_y`, `position_z`, `orientation`, `rotation0`, `rotation1`, `rotation2`, `rotation3`, `spawntimesecs`, `animprogress`, `state`, `spawnFlags`, `visibilitymod`) VALUES (4416657, 3100031, 0, -9493.83, 90.5227, 56.6321, 4.10706, 0, 0, 0.88573, -0.4642, 25, 100, 1, 0, 0);
DELETE FROM `gameobject` WHERE `guid`=4416667;
INSERT INTO `gameobject` (`guid`, `id`, `map`, `position_x`, `position_y`, `position_z`, `orientation`, `rotation0`, `rotation1`, `rotation2`, `rotation3`, `spawntimesecs`, `animprogress`, `state`, `spawnFlags`, `visibilitymod`) VALUES (4416667, 3100031, 0, -9591.29, -30.6242, 60.7669, 5.88236, 0, 0, 0.199074, -0.979984, 25, 100, 1, 0, 0);
DELETE FROM `gameobject` WHERE `guid`=4416668;
INSERT INTO `gameobject` (`guid`, `id`, `map`, `position_x`, `position_y`, `position_z`, `orientation`, `rotation0`, `rotation1`, `rotation2`, `rotation3`, `spawntimesecs`, `animprogress`, `state`, `spawnFlags`, `visibilitymod`) VALUES (4416668, 3100031, 0, -9584.24, -47.531, 61.9625, 0.428544, 0, 0, 0.212636, 0.977131, 25, 100, 1, 0, 0);
DELETE FROM `gameobject` WHERE `guid`=4416669;
INSERT INTO `gameobject` (`guid`, `id`, `map`, `position_x`, `position_y`, `position_z`, `orientation`, `rotation0`, `rotation1`, `rotation2`, `rotation3`, `spawntimesecs`, `animprogress`, `state`, `spawnFlags`, `visibilitymod`) VALUES (4416669, 3100031, 0, -9599.77, -11.0653, 60.696, 2.60017, 0, 0, 0.963581, 0.267417, 25, 100, 1, 0, 0);
DELETE FROM `gameobject` WHERE `guid`=4416712;
INSERT INTO `gameobject` (`guid`, `id`, `map`, `position_x`, `position_y`, `position_z`, `orientation`, `rotation0`, `rotation1`, `rotation2`, `rotation3`, `spawntimesecs`, `animprogress`, `state`, `spawnFlags`, `visibilitymod`) VALUES (4416712, 3100031, 0, -9640.07, -79.0329, 45.6895, 0.105477, 0, 0, 0.0527138, 0.99861, 25, 100, 1, 0, 0);

DELETE FROM `gameobject` WHERE `guid`=4416636;
INSERT INTO `gameobject` (`guid`, `id`, `map`, `position_x`, `position_y`, `position_z`, `orientation`, `rotation0`, `rotation1`, `rotation2`, `rotation3`, `spawntimesecs`, `animprogress`, `state`, `spawnFlags`, `visibilitymod`) VALUES (4416636, 4406, 0, -9475.12, 97.1206, 57.0265, 5.14076, 0, 0, 0.540655, -0.841245, 25, 100, 1, 0, 0);
DELETE FROM `gameobject` WHERE `guid`=4416637;
INSERT INTO `gameobject` (`guid`, `id`, `map`, `position_x`, `position_y`, `position_z`, `orientation`, `rotation0`, `rotation1`, `rotation2`, `rotation3`, `spawntimesecs`, `animprogress`, `state`, `spawnFlags`, `visibilitymod`) VALUES (4416637, 4406, 0, -9475.32, 52.4952, 56.9401, 4.54384, 0, 0, 0.764119, -0.645075, 25, 100, 1, 0, 0);
DELETE FROM `gameobject` WHERE `guid`=4416638;
INSERT INTO `gameobject` (`guid`, `id`, `map`, `position_x`, `position_y`, `position_z`, `orientation`, `rotation0`, `rotation1`, `rotation2`, `rotation3`, `spawntimesecs`, `animprogress`, `state`, `spawnFlags`, `visibilitymod`) VALUES (4416638, 4406, 0, -9431, 65.8954, 56.6538, 6.11463, 0, 0, 0.0841802, -0.996451, 25, 100, 1, 0, 0);
DELETE FROM `gameobject` WHERE `guid`=4416639;
INSERT INTO `gameobject` (`guid`, `id`, `map`, `position_x`, `position_y`, `position_z`, `orientation`, `rotation0`, `rotation1`, `rotation2`, `rotation3`, `spawntimesecs`, `animprogress`, `state`, `spawnFlags`, `visibilitymod`) VALUES (4416639, 4406, 0, -9447.95, 80.3141, 57.6415, 4.83443, 0, 0, 0.662669, -0.748913, 25, 100, 1, 0, 0);
DELETE FROM `gameobject` WHERE `guid`=4416648;
INSERT INTO `gameobject` (`guid`, `id`, `map`, `position_x`, `position_y`, `position_z`, `orientation`, `rotation0`, `rotation1`, `rotation2`, `rotation3`, `spawntimesecs`, `animprogress`, `state`, `spawnFlags`, `visibilitymod`) VALUES (4416648, 4406, 0, -9402.5, 72.6402, 59.825, 5.04797, 0, 0, 0.579086, -0.815266, 25, 100, 1, 0, 0);
DELETE FROM `gameobject` WHERE `guid`=4416649;
INSERT INTO `gameobject` (`guid`, `id`, `map`, `position_x`, `position_y`, `position_z`, `orientation`, `rotation0`, `rotation1`, `rotation2`, `rotation3`, `spawntimesecs`, `animprogress`, `state`, `spawnFlags`, `visibilitymod`) VALUES (4416649, 4406, 0, -9413.49, 68.1542, 58.4203, 5.3739, 0, 0, 0.43914, -0.898419, 25, 100, 1, 0, 0);
DELETE FROM `gameobject` WHERE `guid`=4416661;
INSERT INTO `gameobject` (`guid`, `id`, `map`, `position_x`, `position_y`, `position_z`, `orientation`, `rotation0`, `rotation1`, `rotation2`, `rotation3`, `spawntimesecs`, `animprogress`, `state`, `spawnFlags`, `visibilitymod`) VALUES (4416661, 4406, 0, -9534.4, 28.9244, 60.1604, 5.10482, 0, 0, 0.555682, -0.831395, 25, 100, 1, 0, 0);
DELETE FROM `gameobject` WHERE `guid`=4416664;
INSERT INTO `gameobject` (`guid`, `id`, `map`, `position_x`, `position_y`, `position_z`, `orientation`, `rotation0`, `rotation1`, `rotation2`, `rotation3`, `spawntimesecs`, `animprogress`, `state`, `spawnFlags`, `visibilitymod`) VALUES (4416664, 4406, 0, -9589.06, -29.7614, 61.042, 1.90432, 0, 0, 0.814669, 0.579926, 25, 100, 1, 0, 0);
DELETE FROM `gameobject` WHERE `guid`=4416665;
INSERT INTO `gameobject` (`guid`, `id`, `map`, `position_x`, `position_y`, `position_z`, `orientation`, `rotation0`, `rotation1`, `rotation2`, `rotation3`, `spawntimesecs`, `animprogress`, `state`, `spawnFlags`, `visibilitymod`) VALUES (4416665, 4406, 0, -9600.88, -10.8923, 60.4335, 2.15564, 0, 0, 0.880929, 0.473248, 25, 100, 1, 0, 0);
DELETE FROM `gameobject` WHERE `guid`=4416666;
INSERT INTO `gameobject` (`guid`, `id`, `map`, `position_x`, `position_y`, `position_z`, `orientation`, `rotation0`, `rotation1`, `rotation2`, `rotation3`, `spawntimesecs`, `animprogress`, `state`, `spawnFlags`, `visibilitymod`) VALUES (4416666, 4406, 0, -9609.08, -16.5697, 58.4384, 5.47395, 0, 0, 0.393668, -0.919253, 25, 100, 1, 0, 0);
DELETE FROM `gameobject` WHERE `guid`=4416673;
INSERT INTO `gameobject` (`guid`, `id`, `map`, `position_x`, `position_y`, `position_z`, `orientation`, `rotation0`, `rotation1`, `rotation2`, `rotation3`, `spawntimesecs`, `animprogress`, `state`, `spawnFlags`, `visibilitymod`) VALUES (4416673, 4406, 0, -9652.12, 7.88936, 45.1393, 2.43132, 0, 0, 0.937599, 0.347719, 25, 100, 1, 0, 0);
DELETE FROM `gameobject` WHERE `guid`=4416674;
INSERT INTO `gameobject` (`guid`, `id`, `map`, `position_x`, `position_y`, `position_z`, `orientation`, `rotation0`, `rotation1`, `rotation2`, `rotation3`, `spawntimesecs`, `animprogress`, `state`, `spawnFlags`, `visibilitymod`) VALUES (4416674, 4406, 0, -9654.82, 6.35662, 45.4265, 0.338228, 0, 0, 0.168309, 0.985734, 25, 100, 1, 0, 0);
DELETE FROM `gameobject` WHERE `guid`=4416675;
INSERT INTO `gameobject` (`guid`, `id`, `map`, `position_x`, `position_y`, `position_z`, `orientation`, `rotation0`, `rotation1`, `rotation2`, `rotation3`, `spawntimesecs`, `animprogress`, `state`, `spawnFlags`, `visibilitymod`) VALUES (4416675, 4406, 0, -9652.58, 5.38752, 45.4016, 3.85289, 0, 0, 0.93742, -0.3482, 25, 100, 1, 0, 0);
DELETE FROM `gameobject` WHERE `guid`=4416676;
INSERT INTO `gameobject` (`guid`, `id`, `map`, `position_x`, `position_y`, `position_z`, `orientation`, `rotation0`, `rotation1`, `rotation2`, `rotation3`, `spawntimesecs`, `animprogress`, `state`, `spawnFlags`, `visibilitymod`) VALUES (4416676, 4406, 0, -9635.46, -6.59424, 44.575, 0.428563, 0, 0, 0.212645, 0.977129, 25, 100, 1, 0, 0);
DELETE FROM `gameobject` WHERE `guid`=4416677;
INSERT INTO `gameobject` (`guid`, `id`, `map`, `position_x`, `position_y`, `position_z`, `orientation`, `rotation0`, `rotation1`, `rotation2`, `rotation3`, `spawntimesecs`, `animprogress`, `state`, `spawnFlags`, `visibilitymod`) VALUES (4416677, 4406, 0, -9633.64, -7.9446, 44.9282, 0.338239, 0, 0, 0.168314, 0.985733, 25, 100, 1, 0, 0);
DELETE FROM `gameobject` WHERE `guid`=4416678;
INSERT INTO `gameobject` (`guid`, `id`, `map`, `position_x`, `position_y`, `position_z`, `orientation`, `rotation0`, `rotation1`, `rotation2`, `rotation3`, `spawntimesecs`, `animprogress`, `state`, `spawnFlags`, `visibilitymod`) VALUES (4416678, 4406, 0, -9635.75, 10.5341, 46.6285, 5.41191, 0, 0, 0.421987, -0.906602, 25, 100, 1, 0, 0);
DELETE FROM `gameobject` WHERE `guid`=4416681;
INSERT INTO `gameobject` (`guid`, `id`, `map`, `position_x`, `position_y`, `position_z`, `orientation`, `rotation0`, `rotation1`, `rotation2`, `rotation3`, `spawntimesecs`, `animprogress`, `state`, `spawnFlags`, `visibilitymod`) VALUES (4416681, 4406, 0, -9626.19, -15.024, 49.8907, 0.573853, 0, 0, 0.283006, 0.959118, 25, 100, 1, 0, 0);
DELETE FROM `gameobject` WHERE `guid`=4416684;
INSERT INTO `gameobject` (`guid`, `id`, `map`, `position_x`, `position_y`, `position_z`, `orientation`, `rotation0`, `rotation1`, `rotation2`, `rotation3`, `spawntimesecs`, `animprogress`, `state`, `spawnFlags`, `visibilitymod`) VALUES (4416684, 4406, 0, -9668.8, -6.21494, 45.2464, 2.17999, 0, 0, 0.886624, 0.462491, 25, 100, 1, 0, 0);
DELETE FROM `gameobject` WHERE `guid`=4416689;
INSERT INTO `gameobject` (`guid`, `id`, `map`, `position_x`, `position_y`, `position_z`, `orientation`, `rotation0`, `rotation1`, `rotation2`, `rotation3`, `spawntimesecs`, `animprogress`, `state`, `spawnFlags`, `visibilitymod`) VALUES (4416689, 4406, 0, -9641.51, -28.5852, 44.2739, 5.96168, 0, 0, 0.160063, -0.987107, 25, 100, 1, 0, 0);
DELETE FROM `gameobject` WHERE `guid`=4416690;
INSERT INTO `gameobject` (`guid`, `id`, `map`, `position_x`, `position_y`, `position_z`, `orientation`, `rotation0`, `rotation1`, `rotation2`, `rotation3`, `spawntimesecs`, `animprogress`, `state`, `spawnFlags`, `visibilitymod`) VALUES (4416690, 4406, 0, -9639.46, -28.6242, 44.292, 5.82031, 0, 0, 0.229378, -0.973337, 25, 100, 1, 0, 0);
DELETE FROM `gameobject` WHERE `guid`=4416691;
INSERT INTO `gameobject` (`guid`, `id`, `map`, `position_x`, `position_y`, `position_z`, `orientation`, `rotation0`, `rotation1`, `rotation2`, `rotation3`, `spawntimesecs`, `animprogress`, `state`, `spawnFlags`, `visibilitymod`) VALUES (4416691, 4406, 0, -9642.98, -31.3066, 44.1181, 0.577766, 0, 0, 0.284882, 0.958563, 25, 100, 1, 0, 0);
DELETE FROM `gameobject` WHERE `guid`=4416704;
INSERT INTO `gameobject` (`guid`, `id`, `map`, `position_x`, `position_y`, `position_z`, `orientation`, `rotation0`, `rotation1`, `rotation2`, `rotation3`, `spawntimesecs`, `animprogress`, `state`, `spawnFlags`, `visibilitymod`) VALUES (4416704, 4406, 0, -9685.13, -47.7472, 39.9129, 2.76013, 0, 0, 0.981866, 0.189577, 25, 100, 1, 0, 0);
DELETE FROM `gameobject` WHERE `guid`=4416705;
INSERT INTO `gameobject` (`guid`, `id`, `map`, `position_x`, `position_y`, `position_z`, `orientation`, `rotation0`, `rotation1`, `rotation2`, `rotation3`, `spawntimesecs`, `animprogress`, `state`, `spawnFlags`, `visibilitymod`) VALUES (4416705, 4406, 0, -9680.22, -65.9655, 40.2101, 6.02344, 0, 0, 0.129506, -0.991579, 25, 100, 1, 0, 0);
DELETE FROM `gameobject` WHERE `guid`=4416706;
INSERT INTO `gameobject` (`guid`, `id`, `map`, `position_x`, `position_y`, `position_z`, `orientation`, `rotation0`, `rotation1`, `rotation2`, `rotation3`, `spawntimesecs`, `animprogress`, `state`, `spawnFlags`, `visibilitymod`) VALUES (4416706, 4406, 0, -9662.84, -64.0488, 41.3444, 0.88301, 0, 0, 0.4273, 0.90411, 25, 100, 1, 0, 0);
DELETE FROM `gameobject` WHERE `guid`=4416707;
INSERT INTO `gameobject` (`guid`, `id`, `map`, `position_x`, `position_y`, `position_z`, `orientation`, `rotation0`, `rotation1`, `rotation2`, `rotation3`, `spawntimesecs`, `animprogress`, `state`, `spawnFlags`, `visibilitymod`) VALUES (4416707, 4406, 0, -9657.11, -84.0243, 42.7826, 0.105474, 0, 0, 0.0527125, 0.99861, 25, 100, 1, 0, 0);
DELETE FROM `gameobject` WHERE `guid`=4416708;
INSERT INTO `gameobject` (`guid`, `id`, `map`, `position_x`, `position_y`, `position_z`, `orientation`, `rotation0`, `rotation1`, `rotation2`, `rotation3`, `spawntimesecs`, `animprogress`, `state`, `spawnFlags`, `visibilitymod`) VALUES (4416708, 4406, 0, -9625.41, -6.48055, 49.0484, 1.82157, 0, 0, 0.789985, 0.613126, 25, 100, 1, 0, 0);
DELETE FROM `gameobject` WHERE `guid`=4416709;
INSERT INTO `gameobject` (`guid`, `id`, `map`, `position_x`, `position_y`, `position_z`, `orientation`, `rotation0`, `rotation1`, `rotation2`, `rotation3`, `spawntimesecs`, `animprogress`, `state`, `spawnFlags`, `visibilitymod`) VALUES (4416709, 4406, 0, -9626.85, -9.80883, 48.773, 4.7511, 0, 0, 0.693287, -0.720661, 25, 100, 1, 0, 0);
DELETE FROM `gameobject` WHERE `guid`=4416710;
INSERT INTO `gameobject` (`guid`, `id`, `map`, `position_x`, `position_y`, `position_z`, `orientation`, `rotation0`, `rotation1`, `rotation2`, `rotation3`, `spawntimesecs`, `animprogress`, `state`, `spawnFlags`, `visibilitymod`) VALUES (4416710, 4406, 0, -9670.45, -15.9946, 44.3145, 2.9604, 0, 0, 0.995899, 0.0904736, 25, 100, 1, 0, 0);
DELETE FROM `gameobject` WHERE `guid`=4416711;
INSERT INTO `gameobject` (`guid`, `id`, `map`, `position_x`, `position_y`, `position_z`, `orientation`, `rotation0`, `rotation1`, `rotation2`, `rotation3`, `spawntimesecs`, `animprogress`, `state`, `spawnFlags`, `visibilitymod`) VALUES (4416711, 4406, 0, -9662.91, -8.83863, 45.5592, 2.29674, 0, 0, 0.912096, 0.409977, 25, 100, 1, 0, 0);
DELETE FROM `gameobject` WHERE `guid`=4416713;
INSERT INTO `gameobject` (`guid`, `id`, `map`, `position_x`, `position_y`, `position_z`, `orientation`, `rotation0`, `rotation1`, `rotation2`, `rotation3`, `spawntimesecs`, `animprogress`, `state`, `spawnFlags`, `visibilitymod`) VALUES (4416713, 4406, 0, -9640.07, -79.0329, 45.6895, 5.8703, 0, 0, 0.204979, -0.978766, 25, 100, 1, 0, 0);
DELETE FROM `gameobject` WHERE `guid`=4416714;
INSERT INTO `gameobject` (`guid`, `id`, `map`, `position_x`, `position_y`, `position_z`, `orientation`, `rotation0`, `rotation1`, `rotation2`, `rotation3`, `spawntimesecs`, `animprogress`, `state`, `spawnFlags`, `visibilitymod`) VALUES (4416714, 4406, 0, -9680.99, -28.898, 41.7462, 1.50346, 0, 0, 0.682903, 0.730509, 25, 100, 1, 0, 0);
DELETE FROM `gameobject` WHERE `guid`=4416715;
INSERT INTO `gameobject` (`guid`, `id`, `map`, `position_x`, `position_y`, `position_z`, `orientation`, `rotation0`, `rotation1`, `rotation2`, `rotation3`, `spawntimesecs`, `animprogress`, `state`, `spawnFlags`, `visibilitymod`) VALUES (4416715, 4406, 0, -9649.82, -90.1903, 43.8954, 5.22649, 0, 0, 0.504108, -0.863641, 25, 100, 1, 0, 0);
DELETE FROM `gameobject` WHERE `guid`=4416724;
INSERT INTO `gameobject` (`guid`, `id`, `map`, `position_x`, `position_y`, `position_z`, `orientation`, `rotation0`, `rotation1`, `rotation2`, `rotation3`, `spawntimesecs`, `animprogress`, `state`, `spawnFlags`, `visibilitymod`) VALUES (4416724, 141858, 1, 211.523, -4783.16, 12.1709, 4.95884, 0, 0, 0.614832, -0.788658, 25, 100, 1, 0, 0);
DELETE FROM `gameobject` WHERE `guid`=4416725;
INSERT INTO `gameobject` (`guid`, `id`, `map`, `position_x`, `position_y`, `position_z`, `orientation`, `rotation0`, `rotation1`, `rotation2`, `rotation3`, `spawntimesecs`, `animprogress`, `state`, `spawnFlags`, `visibilitymod`) VALUES (4416725, 141858, 1, 220.309, -4821.47, 12.8794, 4.86066, 0, 0, 0.652789, -0.75754, 25, 100, 1, 0, 0);
DELETE FROM `gameobject` WHERE `guid`=4416723;
INSERT INTO `gameobject` (`guid`, `id`, `map`, `position_x`, `position_y`, `position_z`, `orientation`, `rotation0`, `rotation1`, `rotation2`, `rotation3`, `spawntimesecs`, `animprogress`, `state`, `spawnFlags`, `visibilitymod`) VALUES (4416723, 141858, 1, 218.918, -4752.7, 11.2226, 4.25591, 0, 0, 0.84876, -0.528778, 25, 100, 1, 0, 0);
DELETE FROM `gameobject` WHERE `guid`=4416726;
INSERT INTO `gameobject` (`guid`, `id`, `map`, `position_x`, `position_y`, `position_z`, `orientation`, `rotation0`, `rotation1`, `rotation2`, `rotation3`, `spawntimesecs`, `animprogress`, `state`, `spawnFlags`, `visibilitymod`) VALUES (4416726, 141858, 1, 227.298, -4864.62, 14.575, 4.47974, 0, 0, 0.784395, -0.620262, 25, 100, 1, 0, 0);
DELETE FROM `gameobject` WHERE `guid`=4416727;
INSERT INTO `gameobject` (`guid`, `id`, `map`, `position_x`, `position_y`, `position_z`, `orientation`, `rotation0`, `rotation1`, `rotation2`, `rotation3`, `spawntimesecs`, `animprogress`, `state`, `spawnFlags`, `visibilitymod`) VALUES (4416727, 141858, 1, 221.487, -4896.78, 20.2056, 4.45618, 0, 0, 0.791649, -0.610976, 25, 100, 1, 0, 0);
DELETE FROM `gameobject` WHERE `guid`=4416728;
INSERT INTO `gameobject` (`guid`, `id`, `map`, `position_x`, `position_y`, `position_z`, `orientation`, `rotation0`, `rotation1`, `rotation2`, `rotation3`, `spawntimesecs`, `animprogress`, `state`, `spawnFlags`, `visibilitymod`) VALUES (4416728, 141858, 1, 217.178, -4946.12, 15.2187, 4.90386, 0, 0, 0.636275, -0.771462, 25, 100, 1, 0, 0);
DELETE FROM `gameobject` WHERE `guid`=4416729;
INSERT INTO `gameobject` (`guid`, `id`, `map`, `position_x`, `position_y`, `position_z`, `orientation`, `rotation0`, `rotation1`, `rotation2`, `rotation3`, `spawntimesecs`, `animprogress`, `state`, `spawnFlags`, `visibilitymod`) VALUES (4416729, 141858, 1, 216.884, -4993.44, 15.8405, 4.71144, 0, 0, 0.707443, -0.70677, 25, 100, 1, 0, 0);
DELETE FROM `gameobject` WHERE `guid`=4416778;
INSERT INTO `gameobject` (`guid`, `id`, `map`, `position_x`, `position_y`, `position_z`, `orientation`, `rotation0`, `rotation1`, `rotation2`, `rotation3`, `spawntimesecs`, `animprogress`, `state`, `spawnFlags`, `visibilitymod`) VALUES (4416778, 141858, 0, -9478.19, 55.3635, 56.6226, 3.25818, 0, 0, 0.998301, -0.0582611, 25, 100, 1, 0, 0);
DELETE FROM `gameobject` WHERE `guid`=4416779;
INSERT INTO `gameobject` (`guid`, `id`, `map`, `position_x`, `position_y`, `position_z`, `orientation`, `rotation0`, `rotation1`, `rotation2`, `rotation3`, `spawntimesecs`, `animprogress`, `state`, `spawnFlags`, `visibilitymod`) VALUES (4416779, 141858, 0, -9507.21, 51.9407, 57.6644, 3.36657, 0, 0, 0.99368, -0.112249, 25, 100, 1, 0, 0);
DELETE FROM `gameobject` WHERE `guid`=4416780;
INSERT INTO `gameobject` (`guid`, `id`, `map`, `position_x`, `position_y`, `position_z`, `orientation`, `rotation0`, `rotation1`, `rotation2`, `rotation3`, `spawntimesecs`, `animprogress`, `state`, `spawnFlags`, `visibilitymod`) VALUES (4416780, 141858, 0, -9528.41, 46.7069, 60.5396, 3.60061, 0, 0, 0.973778, -0.227501, 25, 100, 1, 0, 0);
DELETE FROM `gameobject` WHERE `guid`=4416781;
INSERT INTO `gameobject` (`guid`, `id`, `map`, `position_x`, `position_y`, `position_z`, `orientation`, `rotation0`, `rotation1`, `rotation2`, `rotation3`, `spawntimesecs`, `animprogress`, `state`, `spawnFlags`, `visibilitymod`) VALUES (4416781, 141858, 0, -9568.02, 31.2536, 61.4051, 3.45453, 0, 0, 0.987784, -0.155831, 25, 100, 1, 0, 0);
DELETE FROM `gameobject` WHERE `guid`=4416782;
INSERT INTO `gameobject` (`guid`, `id`, `map`, `position_x`, `position_y`, `position_z`, `orientation`, `rotation0`, `rotation1`, `rotation2`, `rotation3`, `spawntimesecs`, `animprogress`, `state`, `spawnFlags`, `visibilitymod`) VALUES (4416782, 141858, 0, -9575.75, -2.8366, 62.5364, 4.57215, 0, 0, 0.75491, -0.655829, 25, 100, 1, 0, 0);
DELETE FROM `gameobject` WHERE `guid`=4416783;
INSERT INTO `gameobject` (`guid`, `id`, `map`, `position_x`, `position_y`, `position_z`, `orientation`, `rotation0`, `rotation1`, `rotation2`, `rotation3`, `spawntimesecs`, `animprogress`, `state`, `spawnFlags`, `visibilitymod`) VALUES (4416783, 141858, 0, -9592.42, -50.9318, 61.0077, 4.34988, 0, 0, 0.822988, -0.568059, 25, 100, 1, 0, 0);
DELETE FROM `gameobject` WHERE `guid`=4416784;
INSERT INTO `gameobject` (`guid`, `id`, `map`, `position_x`, `position_y`, `position_z`, `orientation`, `rotation0`, `rotation1`, `rotation2`, `rotation3`, `spawntimesecs`, `animprogress`, `state`, `spawnFlags`, `visibilitymod`) VALUES (4416784, 141858, 0, -9607.62, -78.5235, 60.197, 3.16001, 0, 0, 0.999958, -0.00920621, 25, 100, 1, 0, 0);

DELETE FROM `gameobject` WHERE `guid`=4416723;
INSERT INTO `gameobject` (`guid`, `id`, `map`, `position_x`, `position_y`, `position_z`, `orientation`, `rotation0`, `rotation1`, `rotation2`, `rotation3`, `spawntimesecs`, `animprogress`, `state`, `spawnFlags`, `visibilitymod`) VALUES (4416723, 141858, 1, 218.918, -4752.7, 11.2226, 4.25591, 0, 0, 0.84876, -0.528778, 25, 100, 1, 0, 0);
DELETE FROM `gameobject` WHERE `guid`=4416724;
INSERT INTO `gameobject` (`guid`, `id`, `map`, `position_x`, `position_y`, `position_z`, `orientation`, `rotation0`, `rotation1`, `rotation2`, `rotation3`, `spawntimesecs`, `animprogress`, `state`, `spawnFlags`, `visibilitymod`) VALUES (4416724, 141858, 1, 211.523, -4783.16, 12.1709, 4.95884, 0, 0, 0.614832, -0.788658, 25, 100, 1, 0, 0);
DELETE FROM `gameobject` WHERE `guid`=4416725;
INSERT INTO `gameobject` (`guid`, `id`, `map`, `position_x`, `position_y`, `position_z`, `orientation`, `rotation0`, `rotation1`, `rotation2`, `rotation3`, `spawntimesecs`, `animprogress`, `state`, `spawnFlags`, `visibilitymod`) VALUES (4416725, 141858, 1, 220.309, -4821.47, 12.8794, 4.86066, 0, 0, 0.652789, -0.75754, 25, 100, 1, 0, 0);
DELETE FROM `gameobject` WHERE `guid`=4416726;
INSERT INTO `gameobject` (`guid`, `id`, `map`, `position_x`, `position_y`, `position_z`, `orientation`, `rotation0`, `rotation1`, `rotation2`, `rotation3`, `spawntimesecs`, `animprogress`, `state`, `spawnFlags`, `visibilitymod`) VALUES (4416726, 141858, 1, 227.298, -4864.62, 14.575, 4.47974, 0, 0, 0.784395, -0.620262, 25, 100, 1, 0, 0);
DELETE FROM `gameobject` WHERE `guid`=4416727;
INSERT INTO `gameobject` (`guid`, `id`, `map`, `position_x`, `position_y`, `position_z`, `orientation`, `rotation0`, `rotation1`, `rotation2`, `rotation3`, `spawntimesecs`, `animprogress`, `state`, `spawnFlags`, `visibilitymod`) VALUES (4416727, 141858, 1, 221.487, -4896.78, 20.2056, 4.45618, 0, 0, 0.791649, -0.610976, 25, 100, 1, 0, 0);
DELETE FROM `gameobject` WHERE `guid`=4416728;
INSERT INTO `gameobject` (`guid`, `id`, `map`, `position_x`, `position_y`, `position_z`, `orientation`, `rotation0`, `rotation1`, `rotation2`, `rotation3`, `spawntimesecs`, `animprogress`, `state`, `spawnFlags`, `visibilitymod`) VALUES (4416728, 141858, 1, 217.178, -4946.12, 15.2187, 4.90386, 0, 0, 0.636275, -0.771462, 25, 100, 1, 0, 0);
DELETE FROM `gameobject` WHERE `guid`=4416729;
INSERT INTO `gameobject` (`guid`, `id`, `map`, `position_x`, `position_y`, `position_z`, `orientation`, `rotation0`, `rotation1`, `rotation2`, `rotation3`, `spawntimesecs`, `animprogress`, `state`, `spawnFlags`, `visibilitymod`) VALUES (4416729, 141858, 1, 216.884, -4993.44, 15.8405, 4.71144, 0, 0, 0.707443, -0.70677, 25, 100, 1, 0, 0);
DELETE FROM `gameobject` WHERE `guid`=4416730;
INSERT INTO `gameobject` (`guid`, `id`, `map`, `position_x`, `position_y`, `position_z`, `orientation`, `rotation0`, `rotation1`, `rotation2`, `rotation3`, `spawntimesecs`, `animprogress`, `state`, `spawnFlags`, `visibilitymod`) VALUES (4416730, 4406, 1, 242.953, -4982.02, 18.4125, 5.43087, 0, 0, 0.413375, -0.910561, 25, 100, 1, 0, 0);
DELETE FROM `gameobject` WHERE `guid`=4416731;
INSERT INTO `gameobject` (`guid`, `id`, `map`, `position_x`, `position_y`, `position_z`, `orientation`, `rotation0`, `rotation1`, `rotation2`, `rotation3`, `spawntimesecs`, `animprogress`, `state`, `spawnFlags`, `visibilitymod`) VALUES (4416731, 4406, 1, 244.07, -4972.02, 18.0563, 1.71122, 0, 0, 0.754972, 0.655757, 25, 100, 1, 0, 0);
DELETE FROM `gameobject` WHERE `guid`=4416732;
INSERT INTO `gameobject` (`guid`, `id`, `map`, `position_x`, `position_y`, `position_z`, `orientation`, `rotation0`, `rotation1`, `rotation2`, `rotation3`, `spawntimesecs`, `animprogress`, `state`, `spawnFlags`, `visibilitymod`) VALUES (4416732, 4406, 1, 241.197, -4959.77, 17.1488, 2.29242, 0, 0, 0.911209, 0.411945, 25, 100, 1, 0, 0);
DELETE FROM `gameobject` WHERE `guid`=4416733;
INSERT INTO `gameobject` (`guid`, `id`, `map`, `position_x`, `position_y`, `position_z`, `orientation`, `rotation0`, `rotation1`, `rotation2`, `rotation3`, `spawntimesecs`, `animprogress`, `state`, `spawnFlags`, `visibilitymod`) VALUES (4416733, 4406, 1, 193.911, -4990.35, 12.8571, 3.84751, 0, 0, 0.938355, -0.345674, 25, 100, 1, 0, 0);
DELETE FROM `gameobject` WHERE `guid`=4416734;
INSERT INTO `gameobject` (`guid`, `id`, `map`, `position_x`, `position_y`, `position_z`, `orientation`, `rotation0`, `rotation1`, `rotation2`, `rotation3`, `spawntimesecs`, `animprogress`, `state`, `spawnFlags`, `visibilitymod`) VALUES (4416734, 4406, 1, 192.966, -4972.88, 12.9686, 1.62483, 0, 0, 0.72595, 0.687747, 25, 100, 1, 0, 0);
DELETE FROM `gameobject` WHERE `guid`=4416735;
INSERT INTO `gameobject` (`guid`, `id`, `map`, `position_x`, `position_y`, `position_z`, `orientation`, `rotation0`, `rotation1`, `rotation2`, `rotation3`, `spawntimesecs`, `animprogress`, `state`, `spawnFlags`, `visibilitymod`) VALUES (4416735, 4406, 1, 191.874, -4952.68, 13.2276, 1.62483, 0, 0, 0.72595, 0.687747, 25, 100, 1, 0, 0);
DELETE FROM `gameobject` WHERE `guid`=4416736;
INSERT INTO `gameobject` (`guid`, `id`, `map`, `position_x`, `position_y`, `position_z`, `orientation`, `rotation0`, `rotation1`, `rotation2`, `rotation3`, `spawntimesecs`, `animprogress`, `state`, `spawnFlags`, `visibilitymod`) VALUES (4416736, 4406, 1, 202.47, -4959.74, 13.5786, 4.49546, 0, 0, 0.779497, -0.626406, 25, 100, 1, 0, 0);
DELETE FROM `gameobject` WHERE `guid`=4416737;
INSERT INTO `gameobject` (`guid`, `id`, `map`, `position_x`, `position_y`, `position_z`, `orientation`, `rotation0`, `rotation1`, `rotation2`, `rotation3`, `spawntimesecs`, `animprogress`, `state`, `spawnFlags`, `visibilitymod`) VALUES (4416737, 4406, 1, 188.166, -4982.37, 12.075, 3.80824, 0, 0, 0.94496, -0.327186, 25, 100, 1, 0, 0);
DELETE FROM `gameobject` WHERE `guid`=4416738;
INSERT INTO `gameobject` (`guid`, `id`, `map`, `position_x`, `position_y`, `position_z`, `orientation`, `rotation0`, `rotation1`, `rotation2`, `rotation3`, `spawntimesecs`, `animprogress`, `state`, `spawnFlags`, `visibilitymod`) VALUES (4416738, 4406, 1, 246.11, -4965.15, 18.0448, 0.14043, 0, 0, 0.0701574, 0.997536, 25, 100, 1, 0, 0);
DELETE FROM `gameobject` WHERE `guid`=4416739;
INSERT INTO `gameobject` (`guid`, `id`, `map`, `position_x`, `position_y`, `position_z`, `orientation`, `rotation0`, `rotation1`, `rotation2`, `rotation3`, `spawntimesecs`, `animprogress`, `state`, `spawnFlags`, `visibilitymod`) VALUES (4416739, 4406, 1, 238.829, -4977.26, 17.6272, 3.69436, 0, 0, 0.962048, -0.27288, 25, 100, 1, 0, 0);
DELETE FROM `gameobject` WHERE `guid`=4416740;
INSERT INTO `gameobject` (`guid`, `id`, `map`, `position_x`, `position_y`, `position_z`, `orientation`, `rotation0`, `rotation1`, `rotation2`, `rotation3`, `spawntimesecs`, `animprogress`, `state`, `spawnFlags`, `visibilitymod`) VALUES (4416740, 4406, 1, 238.057, -4988.87, 18.0934, 6.25083, 0, 0, 0.0161752, -0.999869, 25, 100, 1, 0, 0);
DELETE FROM `gameobject` WHERE `guid`=4416741;
INSERT INTO `gameobject` (`guid`, `id`, `map`, `position_x`, `position_y`, `position_z`, `orientation`, `rotation0`, `rotation1`, `rotation2`, `rotation3`, `spawntimesecs`, `animprogress`, `state`, `spawnFlags`, `visibilitymod`) VALUES (4416741, 4406, 1, 231.955, -4997.69, 17.6548, 3.8161, 0, 0, 0.943666, -0.330899, 25, 100, 1, 0, 0);
DELETE FROM `gameobject` WHERE `guid`=4416742;
INSERT INTO `gameobject` (`guid`, `id`, `map`, `position_x`, `position_y`, `position_z`, `orientation`, `rotation0`, `rotation1`, `rotation2`, `rotation3`, `spawntimesecs`, `animprogress`, `state`, `spawnFlags`, `visibilitymod`) VALUES (4416742, 4406, 1, 199.705, -4996.84, 14.0593, 3.96533, 0, 0, 0.916375, -0.400321, 25, 100, 1, 0, 0);
DELETE FROM `gameobject` WHERE `guid`=4416743;
INSERT INTO `gameobject` (`guid`, `id`, `map`, `position_x`, `position_y`, `position_z`, `orientation`, `rotation0`, `rotation1`, `rotation2`, `rotation3`, `spawntimesecs`, `animprogress`, `state`, `spawnFlags`, `visibilitymod`) VALUES (4416743, 4406, 1, 184.559, -4963.82, 12.1393, 2.00576, 0, 0, 0.843023, 0.537877, 25, 100, 1, 0, 0);
DELETE FROM `gameobject` WHERE `guid`=4416756;
INSERT INTO `gameobject` (`guid`, `id`, `map`, `position_x`, `position_y`, `position_z`, `orientation`, `rotation0`, `rotation1`, `rotation2`, `rotation3`, `spawntimesecs`, `animprogress`, `state`, `spawnFlags`, `visibilitymod`) VALUES (4416756, 3100030, 1, 213.807, -4999.49, 16.0795, 4.58733, 0, 0, 0.749911, -0.661539, 25, 100, 1, 0, 0);
DELETE FROM `gameobject` WHERE `guid`=4416757;
INSERT INTO `gameobject` (`guid`, `id`, `map`, `position_x`, `position_y`, `position_z`, `orientation`, `rotation0`, `rotation1`, `rotation2`, `rotation3`, `spawntimesecs`, `animprogress`, `state`, `spawnFlags`, `visibilitymod`) VALUES (4416757, 3100030, 1, 229.011, -5011.56, 16.8119, 5.89894, 0, 0, 0.190943, -0.981601, 25, 100, 1, 0, 0);
DELETE FROM `gameobject` WHERE `guid`=4416758;
INSERT INTO `gameobject` (`guid`, `id`, `map`, `position_x`, `position_y`, `position_z`, `orientation`, `rotation0`, `rotation1`, `rotation2`, `rotation3`, `spawntimesecs`, `animprogress`, `state`, `spawnFlags`, `visibilitymod`) VALUES (4416758, 3100030, 1, 272.53, -4985.52, 20.4481, 5.74186, 0, 0, 0.267369, -0.963594, 25, 100, 1, 0, 0);
DELETE FROM `gameobject` WHERE `guid`=4416760;
INSERT INTO `gameobject` (`guid`, `id`, `map`, `position_x`, `position_y`, `position_z`, `orientation`, `rotation0`, `rotation1`, `rotation2`, `rotation3`, `spawntimesecs`, `animprogress`, `state`, `spawnFlags`, `visibilitymod`) VALUES (4416760, 3100029, 1, 189.583, -4918.42, 14.8959, 3.33854, 0, 0, 0.995155, -0.0983144, 25, 100, 1, 0, 0);
DELETE FROM `gameobject` WHERE `guid`=4416761;
INSERT INTO `gameobject` (`guid`, `id`, `map`, `position_x`, `position_y`, `position_z`, `orientation`, `rotation0`, `rotation1`, `rotation2`, `rotation3`, `spawntimesecs`, `animprogress`, `state`, `spawnFlags`, `visibilitymod`) VALUES (4416761, 3100030, 1, 189.915, -4910.75, 15.2362, 5.40413, 0, 0, 0.425511, -0.904953, 25, 100, 1, 0, 0);
DELETE FROM `gameobject` WHERE `guid`=4416765;
INSERT INTO `gameobject` (`guid`, `id`, `map`, `position_x`, `position_y`, `position_z`, `orientation`, `rotation0`, `rotation1`, `rotation2`, `rotation3`, `spawntimesecs`, `animprogress`, `state`, `spawnFlags`, `visibilitymod`) VALUES (4416765, 375, 1, 278.803, -4727.63, 13.6657, 2.60178, 0, 0, 0.963796, 0.26664, 25, 100, 1, 0, 0);
DELETE FROM `gameobject` WHERE `guid`=4416766;
INSERT INTO `gameobject` (`guid`, `id`, `map`, `position_x`, `position_y`, `position_z`, `orientation`, `rotation0`, `rotation1`, `rotation2`, `rotation3`, `spawntimesecs`, `animprogress`, `state`, `spawnFlags`, `visibilitymod`) VALUES (4416766, 375, 1, 252.143, -4721.59, 14.9079, 2.95521, 0, 0, 0.995661, 0.0930556, 25, 100, 1, 0, 0);
DELETE FROM `gameobject` WHERE `guid`=4416769;
INSERT INTO `gameobject` (`guid`, `id`, `map`, `position_x`, `position_y`, `position_z`, `orientation`, `rotation0`, `rotation1`, `rotation2`, `rotation3`, `spawntimesecs`, `animprogress`, `state`, `spawnFlags`, `visibilitymod`) VALUES (4416769, 181197, 1, 380.187, -4768.65, 12.686, 5.06165, 0, 0, 0.573495, -0.819209, 25, 100, 1, 0, 0);
DELETE FROM `gameobject` WHERE `guid`=4416770;
INSERT INTO `gameobject` (`guid`, `id`, `map`, `position_x`, `position_y`, `position_z`, `orientation`, `rotation0`, `rotation1`, `rotation2`, `rotation3`, `spawntimesecs`, `animprogress`, `state`, `spawnFlags`, `visibilitymod`) VALUES (4416770, 3100029, 1, 394.226, -4695.21, 15.0447, 3.22383, 0, 0, 0.999155, -0.0411064, 25, 100, 1, 0, 0);
DELETE FROM `gameobject` WHERE `guid`=4416776;
INSERT INTO `gameobject` (`guid`, `id`, `map`, `position_x`, `position_y`, `position_z`, `orientation`, `rotation0`, `rotation1`, `rotation2`, `rotation3`, `spawntimesecs`, `animprogress`, `state`, `spawnFlags`, `visibilitymod`) VALUES (4416776, 375, 1, 282.15, -4760.04, 12.2508, 3.06011, 0, 0, 0.99917, 0.0407288, 25, 100, 1, 0, 0);
DELETE FROM `gameobject` WHERE `guid`=4416777;
INSERT INTO `gameobject` (`guid`, `id`, `map`, `position_x`, `position_y`, `position_z`, `orientation`, `rotation0`, `rotation1`, `rotation2`, `rotation3`, `spawntimesecs`, `animprogress`, `state`, `spawnFlags`, `visibilitymod`) VALUES (4416777, 375, 1, 251.103, -4758.85, 12.4427, 2.58494, 0, 0, 0.961517, 0.274744, 25, 100, 1, 0, 0);
DELETE FROM `gameobject` WHERE `guid`=4416778;
INSERT INTO `gameobject` (`guid`, `id`, `map`, `position_x`, `position_y`, `position_z`, `orientation`, `rotation0`, `rotation1`, `rotation2`, `rotation3`, `spawntimesecs`, `animprogress`, `state`, `spawnFlags`, `visibilitymod`) VALUES (4416778, 375, 1, 310.103, -4776.79, 10.4363, 4.76026, 0, 0, 0.689982, -0.723827, 25, 100, 1, 0, 0);
DELETE FROM `gameobject` WHERE `guid`=4416779;
INSERT INTO `gameobject` (`guid`, `id`, `map`, `position_x`, `position_y`, `position_z`, `orientation`, `rotation0`, `rotation1`, `rotation2`, `rotation3`, `spawntimesecs`, `animprogress`, `state`, `spawnFlags`, `visibilitymod`) VALUES (4416779, 375, 1, 303.261, -4777.16, 10.4497, 3.25229, 0, 0, 0.998469, -0.0553224, 25, 100, 1, 0, 0);
DELETE FROM `gameobject` WHERE `guid`=4416780;
INSERT INTO `gameobject` (`guid`, `id`, `map`, `position_x`, `position_y`, `position_z`, `orientation`, `rotation0`, `rotation1`, `rotation2`, `rotation3`, `spawntimesecs`, `animprogress`, `state`, `spawnFlags`, `visibilitymod`) VALUES (4416780, 3100029, 1, 307.611, -4784.9, 20.0765, 4.81524, 0, 0, 0.669825, -0.742519, 25, 100, 1, 0, 0);
DELETE FROM `gameobject` WHERE `guid`=4416781;
INSERT INTO `gameobject` (`guid`, `id`, `map`, `position_x`, `position_y`, `position_z`, `orientation`, `rotation0`, `rotation1`, `rotation2`, `rotation3`, `spawntimesecs`, `animprogress`, `state`, `spawnFlags`, `visibilitymod`) VALUES (4416781, 3100030, 1, 333.847, -4703.95, 23.8972, 1.25736, 0, 0, 0.588076, 0.808806, 25, 100, 1, 0, 0);

-- Spider Queen, Warlock, & Minion Templates
DELETE FROM `creature_template` WHERE `entry`=1200003 AND `patch`=0;
INSERT INTO `creature_template` (`entry`, `patch`, `KillCredit1`, `KillCredit2`, `modelid_1`, `modelid_2`, `modelid_3`, `modelid_4`, `name`, `subname`, `gossip_menu_id`, `minlevel`, `maxlevel`, `minhealth`, `maxhealth`, `minmana`, `maxmana`, `armor`, `faction_A`, `faction_H`, `npcflag`, `speed_walk`, `speed_run`, `scale`, `rank`, `mindmg`, `maxdmg`, `dmgschool`, `attackpower`, `dmg_multiplier`, `baseattacktime`, `rangeattacktime`, `unit_class`, `unit_flags`, `dynamicflags`, `family`, `trainer_type`, `trainer_spell`, `trainer_class`, `trainer_race`, `minrangedmg`, `maxrangedmg`, `rangedattackpower`, `type`, `type_flags`, `lootid`, `pickpocketloot`, `skinloot`, `resistance1`, `resistance2`, `resistance3`, `resistance4`, `resistance5`, `resistance6`, `spell1`, `spell2`, `spell3`, `spell4`, `PetSpellDataId`, `mingold`, `maxgold`, `AIName`, `MovementType`, `InhabitType`, `Civilian`, `RacialLeader`, `RegenHealth`, `equipment_id`, `trainer_id`, `vendor_id`, `MechanicImmuneMask`, `SchoolImmuneMask`, `flags_extra`, `aggroRadius`, `ScriptName`) VALUES (1200003, 0, 0, 0, 15928, 0, 0, 0, 'Spider Queen', '', 0, 60, 60, 1781587, 1894554, 8000, 8000, 1500, 103, 103, 0, 1.7, 2, 1, 3, 0, 0, 0, 148, 0, 2000, 2000, 0, 0, 0, 0, 0, 0, 0, 0, 0, 0, 0, 7, 0, 0, 0, 0, 0, 0, 0, 0, 0, 0, 0, 0, 0, 0, 0, 100000, 1500000, '', 0, 1, 0, 0, 1, 0, 0, 0, 0, 0, 0, 0, '');
DELETE FROM `creature_template` WHERE `entry`=1200004 AND `patch`=0;
INSERT INTO `creature_template` (`entry`, `patch`, `KillCredit1`, `KillCredit2`, `modelid_1`, `modelid_2`, `modelid_3`, `modelid_4`, `name`, `subname`, `gossip_menu_id`, `minlevel`, `maxlevel`, `minhealth`, `maxhealth`, `minmana`, `maxmana`, `armor`, `faction_A`, `faction_H`, `npcflag`, `speed_walk`, `speed_run`, `scale`, `rank`, `mindmg`, `maxdmg`, `dmgschool`, `attackpower`, `dmg_multiplier`, `baseattacktime`, `rangeattacktime`, `unit_class`, `unit_flags`, `dynamicflags`, `family`, `trainer_type`, `trainer_spell`, `trainer_class`, `trainer_race`, `minrangedmg`, `maxrangedmg`, `rangedattackpower`, `type`, `type_flags`, `lootid`, `pickpocketloot`, `skinloot`, `resistance1`, `resistance2`, `resistance3`, `resistance4`, `resistance5`, `resistance6`, `spell1`, `spell2`, `spell3`, `spell4`, `PetSpellDataId`, `mingold`, `maxgold`, `AIName`, `MovementType`, `InhabitType`, `Civilian`, `RacialLeader`, `RegenHealth`, `equipment_id`, `trainer_id`, `vendor_id`, `MechanicImmuneMask`, `SchoolImmuneMask`, `flags_extra`, `aggroRadius`, `ScriptName`) VALUES (1200004, 0, 0, 0, 368, 0, 0, 0, 'Hallow\'s End Spider', '', 0, 60, 60, 105000, 150000, 500, 500, 250, 103, 103, 0, 1.7, 2, 1.25, 3, 0, 0, 0, 148, 0, 2000, 2000, 0, 0, 0, 0, 0, 0, 0, 0, 0, 0, 0, 7, 0, 0, 0, 0, 0, 0, 0, 0, 0, 0, 0, 0, 0, 0, 0, 50000, 100000, '', 0, 1, 0, 0, 1, 0, 0, 0, 0, 0, 0, 0, '');
DELETE FROM `creature_template` WHERE `entry`=1200005 AND `patch`=0;
INSERT INTO `creature_template` (`entry`, `patch`, `KillCredit1`, `KillCredit2`, `modelid_1`, `modelid_2`, `modelid_3`, `modelid_4`, `name`, `subname`, `gossip_menu_id`, `minlevel`, `maxlevel`, `minhealth`, `maxhealth`, `minmana`, `maxmana`, `armor`, `faction_A`, `faction_H`, `npcflag`, `speed_walk`, `speed_run`, `scale`, `rank`, `mindmg`, `maxdmg`, `dmgschool`, `attackpower`, `dmg_multiplier`, `baseattacktime`, `rangeattacktime`, `unit_class`, `unit_flags`, `dynamicflags`, `family`, `trainer_type`, `trainer_spell`, `trainer_class`, `trainer_race`, `minrangedmg`, `maxrangedmg`, `rangedattackpower`, `type`, `type_flags`, `lootid`, `pickpocketloot`, `skinloot`, `resistance1`, `resistance2`, `resistance3`, `resistance4`, `resistance5`, `resistance6`, `spell1`, `spell2`, `spell3`, `spell4`, `PetSpellDataId`, `mingold`, `maxgold`, `AIName`, `MovementType`, `InhabitType`, `Civilian`, `RacialLeader`, `RegenHealth`, `equipment_id`, `trainer_id`, `vendor_id`, `MechanicImmuneMask`, `SchoolImmuneMask`, `flags_extra`, `aggroRadius`, `ScriptName`) VALUES (1200005, 0, 0, 0, 10539, 0, 0, 0, 'Hallow\'s End Loremaster', 'Arachnid Expert', 0, 63, 63, 3462000, 3462000, 612320, 612320, 8401, 35, 35, 2, 1.25, 1.14286, 0, 3, 571, 737, 0, 290, 1, 2000, 2000, 8, 0, 0, 0, 0, 0, 0, 0, 220.81, 320.77, 100, 7, 0, 0, 0, 0, 0, 15, 15, 15, 15, 15, 0, 0, 0, 0, 0, 700000, 750000, '', 0, 3, 0, 0, 1, 0, 0, 0, 0, 0, 0, 0, '');

-- Spider Queen & Minion locations
DELETE FROM `creature` WHERE `guid`=3023540;
INSERT INTO `creature` (`guid`, `id`, `map`, `modelid`, `equipment_id`, `position_x`, `position_y`, `position_z`, `orientation`, `spawntimesecs`, `spawndist`, `currentwaypoint`, `curhealth`, `curmana`, `DeathState`, `MovementType`, `spawnFlags`, `visibilitymod`, `patch_min`, `patch_max`) VALUES (3023540, 1200003, 0, 0, 0, -9641.5, 1.4114, 44.4978, 4.40087, 86400, 5, 0, 1781587, 8000, 0, 0, 0, 0, 0, 10);
DELETE FROM `creature` WHERE `guid`=3024623;
INSERT INTO `creature` (`guid`, `id`, `map`, `modelid`, `equipment_id`, `position_x`, `position_y`, `position_z`, `orientation`, `spawntimesecs`, `spawndist`, `currentwaypoint`, `curhealth`, `curmana`, `DeathState`, `MovementType`, `spawnFlags`, `visibilitymod`, `patch_min`, `patch_max`) VALUES (3024623, 1200003, 1, 0, 0, 216.212, -4987.91, 15.4062, 1.78713, 86400, 5, 0, 1781587, 8000, 0, 0, 0, 0, 0, 10);
DELETE FROM `creature` WHERE `guid`=3023543;
INSERT INTO `creature` (`guid`, `id`, `map`, `modelid`, `equipment_id`, `position_x`, `position_y`, `position_z`, `orientation`, `spawntimesecs`, `spawndist`, `currentwaypoint`, `curhealth`, `curmana`, `DeathState`, `MovementType`, `spawnFlags`, `visibilitymod`, `patch_min`, `patch_max`) VALUES (3023543, 1200004, 0, 0, 0, -9682.1, -32.5014, 41.7102, 1.33461, 21600, 5, 0, 105000, 500, 0, 0, 0, 0, 0, 10);
DELETE FROM `creature` WHERE `guid`=3023549;
INSERT INTO `creature` (`guid`, `id`, `map`, `modelid`, `equipment_id`, `position_x`, `position_y`, `position_z`, `orientation`, `spawntimesecs`, `spawndist`, `currentwaypoint`, `curhealth`, `curmana`, `DeathState`, `MovementType`, `spawnFlags`, `visibilitymod`, `patch_min`, `patch_max`) VALUES (3023549, 1200004, 0, 0, 0, -9666.28, -63.4851, 40.9222, 6.06687, 21600, 5, 0, 105000, 500, 0, 0, 0, 0, 0, 10);
DELETE FROM `creature` WHERE `guid`=3023545;
INSERT INTO `creature` (`guid`, `id`, `map`, `modelid`, `equipment_id`, `position_x`, `position_y`, `position_z`, `orientation`, `spawntimesecs`, `spawndist`, `currentwaypoint`, `curhealth`, `curmana`, `DeathState`, `MovementType`, `spawnFlags`, `visibilitymod`, `patch_min`, `patch_max`) VALUES (3023545, 1200004, 0, 0, 0, -9650.29, -88.4958, 43.8269, 4.76993, 21600, 5, 0, 105000, 500, 0, 0, 0, 0, 0, 10);
DELETE FROM `creature` WHERE `guid`=3023546;
INSERT INTO `creature` (`guid`, `id`, `map`, `modelid`, `equipment_id`, `position_x`, `position_y`, `position_z`, `orientation`, `spawntimesecs`, `spawndist`, `currentwaypoint`, `curhealth`, `curmana`, `DeathState`, `MovementType`, `spawnFlags`, `visibilitymod`, `patch_min`, `patch_max`) VALUES (3023546, 1200004, 0, 0, 0, -9683, -88.9557, 40.8311, 2.88026, 21600, 5, 0, 105000, 500, 0, 0, 0, 0, 0, 10);
DELETE FROM `creature` WHERE `guid`=3023547;
INSERT INTO `creature` (`guid`, `id`, `map`, `modelid`, `equipment_id`, `position_x`, `position_y`, `position_z`, `orientation`, `spawntimesecs`, `spawndist`, `currentwaypoint`, `curhealth`, `curmana`, `DeathState`, `MovementType`, `spawnFlags`, `visibilitymod`, `patch_min`, `patch_max`) VALUES (3023547, 1200004, 0, 0, 0, -9703.81, -63.5471, 38.5628, 1.53173, 21600, 5, 0, 105000, 500, 0, 0, 0, 0, 0, 10);
DELETE FROM `creature` WHERE `guid`=3023548;
INSERT INTO `creature` (`guid`, `id`, `map`, `modelid`, `equipment_id`, `position_x`, `position_y`, `position_z`, `orientation`, `spawntimesecs`, `spawndist`, `currentwaypoint`, `curhealth`, `curmana`, `DeathState`, `MovementType`, `spawnFlags`, `visibilitymod`, `patch_min`, `patch_max`) VALUES (3023548, 1200004, 0, 0, 0, -9640.13, -22.9367, 44.4615, 0.1565, 21600, 5, 0, 105000, 500, 0, 0, 0, 0, 0, 10);
DELETE FROM `creature` WHERE `guid`=3023550;
INSERT INTO `creature` (`guid`, `id`, `map`, `modelid`, `equipment_id`, `position_x`, `position_y`, `position_z`, `orientation`, `spawntimesecs`, `spawndist`, `currentwaypoint`, `curhealth`, `curmana`, `DeathState`, `MovementType`, `spawnFlags`, `visibilitymod`, `patch_min`, `patch_max`) VALUES (3023550, 1200004, 0, 0, 0, -9660.94, -11.6616, 45.5795, 2.17523, 21600, 5, 0, 105000, 500, 0, 0, 0, 0, 0, 10);
DELETE FROM `creature` WHERE `guid`=3024618;
INSERT INTO `creature` (`guid`, `id`, `map`, `modelid`, `equipment_id`, `position_x`, `position_y`, `position_z`, `orientation`, `spawntimesecs`, `spawndist`, `currentwaypoint`, `curhealth`, `curmana`, `DeathState`, `MovementType`, `spawnFlags`, `visibilitymod`, `patch_min`, `patch_max`) VALUES (3024618, 1200004, 1, 0, 0, 190.961, -4960.36, 12.8481, 5.90968, 21600, 5, 0, 105000, 500, 0, 0, 0, 0, 0, 10);
DELETE FROM `creature` WHERE `guid`=3024619;
INSERT INTO `creature` (`guid`, `id`, `map`, `modelid`, `equipment_id`, `position_x`, `position_y`, `position_z`, `orientation`, `spawntimesecs`, `spawndist`, `currentwaypoint`, `curhealth`, `curmana`, `DeathState`, `MovementType`, `spawnFlags`, `visibilitymod`, `patch_min`, `patch_max`) VALUES (3024619, 1200004, 1, 0, 0, 202.833, -4965.02, 13.5574, 5.90968, 21600, 5, 0, 105000, 500, 0, 0, 0, 0, 0, 10);
DELETE FROM `creature` WHERE `guid`=3024620;
INSERT INTO `creature` (`guid`, `id`, `map`, `modelid`, `equipment_id`, `position_x`, `position_y`, `position_z`, `orientation`, `spawntimesecs`, `spawndist`, `currentwaypoint`, `curhealth`, `curmana`, `DeathState`, `MovementType`, `spawnFlags`, `visibilitymod`, `patch_min`, `patch_max`) VALUES (3024620, 1200004, 1, 0, 0, 237.076, -4976.6, 17.347, 5.92068, 21600, 5, 0, 105000, 500, 0, 0, 0, 0, 0, 10);
DELETE FROM `creature` WHERE `guid`=3024621;
INSERT INTO `creature` (`guid`, `id`, `map`, `modelid`, `equipment_id`, `position_x`, `position_y`, `position_z`, `orientation`, `spawntimesecs`, `spawndist`, `currentwaypoint`, `curhealth`, `curmana`, `DeathState`, `MovementType`, `spawnFlags`, `visibilitymod`, `patch_min`, `patch_max`) VALUES (3024621, 1200004, 1, 0, 0, 241.235, -4961.17, 17.1582, 1.43056, 21600, 5, 0, 105000, 500, 0, 0, 0, 0, 0, 10);
DELETE FROM `creature` WHERE `guid`=3024622;
INSERT INTO `creature` (`guid`, `id`, `map`, `modelid`, `equipment_id`, `position_x`, `position_y`, `position_z`, `orientation`, `spawntimesecs`, `spawndist`, `currentwaypoint`, `curhealth`, `curmana`, `DeathState`, `MovementType`, `spawnFlags`, `visibilitymod`, `patch_min`, `patch_max`) VALUES (3024622, 1200004, 1, 0, 0, 201.057, -4995.98, 14.1715, 3.66266, 21600, 5, 0, 105000, 500, 0, 0, 0, 0, 0, 10);

-- Loot Templates
DELETE FROM `reference_loot_template` WHERE `entry`=936306 AND `item`=55560;
INSERT INTO `reference_loot_template` (`entry`, `item`, `ChanceOrQuestChance`, `groupid`, `mincountOrRef`, `maxcount`, `condition_id`) VALUES (936306, 55560, 100, 0, 1, 2, 0);
DELETE FROM `reference_loot_template` WHERE `entry`=936306 AND `item`=55581;
INSERT INTO `reference_loot_template` (`entry`, `item`, `ChanceOrQuestChance`, `groupid`, `mincountOrRef`, `maxcount`, `condition_id`) VALUES (936306, 55581, 100, 0, 1, 2, 0);


DELETE FROM `creature_loot_template` WHERE `entry`=1200004 AND `item`=4306 AND `groupid`=0;
INSERT INTO `creature_loot_template` (`entry`, `item`, `ChanceOrQuestChance`, `groupid`, `mincountOrRef`, `maxcount`, `condition_id`) VALUES (1200004, 4306, 15, 0, 1, 5, 0);
DELETE FROM `creature_loot_template` WHERE `entry`=1200004 AND `item`=4338 AND `groupid`=0;
INSERT INTO `creature_loot_template` (`entry`, `item`, `ChanceOrQuestChance`, `groupid`, `mincountOrRef`, `maxcount`, `condition_id`) VALUES (1200004, 4338, 15, 0, 1, 5, 0);
DELETE FROM `creature_loot_template` WHERE `entry`=1200004 AND `item`=4637 AND `groupid`=0;
INSERT INTO `creature_loot_template` (`entry`, `item`, `ChanceOrQuestChance`, `groupid`, `mincountOrRef`, `maxcount`, `condition_id`) VALUES (1200004, 4637, 25, 0, 1, 1, 0);
DELETE FROM `creature_loot_template` WHERE `entry`=1200004 AND `item`=6530 AND `groupid`=0;
INSERT INTO `creature_loot_template` (`entry`, `item`, `ChanceOrQuestChance`, `groupid`, `mincountOrRef`, `maxcount`, `condition_id`) VALUES (1200004, 6530, 15, 0, 1, 1, 0);
DELETE FROM `creature_loot_template` WHERE `entry`=1200004 AND `item`=7553 AND `groupid`=0;
INSERT INTO `creature_loot_template` (`entry`, `item`, `ChanceOrQuestChance`, `groupid`, `mincountOrRef`, `maxcount`, `condition_id`) VALUES (1200004, 7553, 25, 0, 1, 1, 0);
DELETE FROM `creature_loot_template` WHERE `entry`=1200004 AND `item`=12325 AND `groupid`=0;
INSERT INTO `creature_loot_template` (`entry`, `item`, `ChanceOrQuestChance`, `groupid`, `mincountOrRef`, `maxcount`, `condition_id`) VALUES (1200004, 12325, 25, 0, 1, 1, 0);
DELETE FROM `creature_loot_template` WHERE `entry`=1200004 AND `item`=13582 AND `groupid`=0;
INSERT INTO `creature_loot_template` (`entry`, `item`, `ChanceOrQuestChance`, `groupid`, `mincountOrRef`, `maxcount`, `condition_id`) VALUES (1200004, 13582, 25, 0, 1, 1, 0);
DELETE FROM `creature_loot_template` WHERE `entry`=1200004 AND `item`=13584 AND `groupid`=0;
INSERT INTO `creature_loot_template` (`entry`, `item`, `ChanceOrQuestChance`, `groupid`, `mincountOrRef`, `maxcount`, `condition_id`) VALUES (1200004, 13584, 25, 0, 1, 1, 0);
DELETE FROM `creature_loot_template` WHERE `entry`=1200004 AND `item`=20388 AND `groupid`=0;
INSERT INTO `creature_loot_template` (`entry`, `item`, `ChanceOrQuestChance`, `groupid`, `mincountOrRef`, `maxcount`, `condition_id`) VALUES (1200004, 20388, 25, 0, 1, 5, 0);
DELETE FROM `creature_loot_template` WHERE `entry`=1200004 AND `item`=20389 AND `groupid`=0;
INSERT INTO `creature_loot_template` (`entry`, `item`, `ChanceOrQuestChance`, `groupid`, `mincountOrRef`, `maxcount`, `condition_id`) VALUES (1200004, 20389, 25, 0, 1, 5, 0);
DELETE FROM `creature_loot_template` WHERE `entry`=1200004 AND `item`=20391 AND `groupid`=0;
INSERT INTO `creature_loot_template` (`entry`, `item`, `ChanceOrQuestChance`, `groupid`, `mincountOrRef`, `maxcount`, `condition_id`) VALUES (1200004, 20391, 25, 0, 1, 1, 0);
DELETE FROM `creature_loot_template` WHERE `entry`=1200004 AND `item`=20392 AND `groupid`=0;
INSERT INTO `creature_loot_template` (`entry`, `item`, `ChanceOrQuestChance`, `groupid`, `mincountOrRef`, `maxcount`, `condition_id`) VALUES (1200004, 20392, 25, 0, 1, 1, 0);
DELETE FROM `creature_loot_template` WHERE `entry`=1200004 AND `item`=20561 AND `groupid`=0;
INSERT INTO `creature_loot_template` (`entry`, `item`, `ChanceOrQuestChance`, `groupid`, `mincountOrRef`, `maxcount`, `condition_id`) VALUES (1200004, 20561, 25, 0, 1, 1, 0);
DELETE FROM `creature_loot_template` WHERE `entry`=1200004 AND `item`=20562 AND `groupid`=0;
INSERT INTO `creature_loot_template` (`entry`, `item`, `ChanceOrQuestChance`, `groupid`, `mincountOrRef`, `maxcount`, `condition_id`) VALUES (1200004, 20562, 25, 0, 1, 1, 0);
DELETE FROM `creature_loot_template` WHERE `entry`=1200004 AND `item`=20563 AND `groupid`=0;
INSERT INTO `creature_loot_template` (`entry`, `item`, `ChanceOrQuestChance`, `groupid`, `mincountOrRef`, `maxcount`, `condition_id`) VALUES (1200004, 20563, 25, 0, 1, 1, 0);
DELETE FROM `creature_loot_template` WHERE `entry`=1200004 AND `item`=20564 AND `groupid`=0;
INSERT INTO `creature_loot_template` (`entry`, `item`, `ChanceOrQuestChance`, `groupid`, `mincountOrRef`, `maxcount`, `condition_id`) VALUES (1200004, 20564, 25, 0, 1, 1, 0);
DELETE FROM `creature_loot_template` WHERE `entry`=1200004 AND `item`=20565 AND `groupid`=0;
INSERT INTO `creature_loot_template` (`entry`, `item`, `ChanceOrQuestChance`, `groupid`, `mincountOrRef`, `maxcount`, `condition_id`) VALUES (1200004, 20565, 25, 0, 1, 1, 0);
DELETE FROM `creature_loot_template` WHERE `entry`=1200004 AND `item`=20566 AND `groupid`=0;
INSERT INTO `creature_loot_template` (`entry`, `item`, `ChanceOrQuestChance`, `groupid`, `mincountOrRef`, `maxcount`, `condition_id`) VALUES (1200004, 20566, 25, 0, 1, 1, 0);
DELETE FROM `creature_loot_template` WHERE `entry`=1200004 AND `item`=20567 AND `groupid`=0;
INSERT INTO `creature_loot_template` (`entry`, `item`, `ChanceOrQuestChance`, `groupid`, `mincountOrRef`, `maxcount`, `condition_id`) VALUES (1200004, 20567, 25, 0, 1, 1, 0);
DELETE FROM `creature_loot_template` WHERE `entry`=1200004 AND `item`=20568 AND `groupid`=0;
INSERT INTO `creature_loot_template` (`entry`, `item`, `ChanceOrQuestChance`, `groupid`, `mincountOrRef`, `maxcount`, `condition_id`) VALUES (1200004, 20568, 25, 0, 1, 1, 0);
DELETE FROM `creature_loot_template` WHERE `entry`=1200004 AND `item`=20569 AND `groupid`=0;
INSERT INTO `creature_loot_template` (`entry`, `item`, `ChanceOrQuestChance`, `groupid`, `mincountOrRef`, `maxcount`, `condition_id`) VALUES (1200004, 20569, 25, 0, 1, 1, 0);
DELETE FROM `creature_loot_template` WHERE `entry`=1200004 AND `item`=20570 AND `groupid`=0;
INSERT INTO `creature_loot_template` (`entry`, `item`, `ChanceOrQuestChance`, `groupid`, `mincountOrRef`, `maxcount`, `condition_id`) VALUES (1200004, 20570, 25, 0, 1, 1, 0);
DELETE FROM `creature_loot_template` WHERE `entry`=1200004 AND `item`=20571 AND `groupid`=0;
INSERT INTO `creature_loot_template` (`entry`, `item`, `ChanceOrQuestChance`, `groupid`, `mincountOrRef`, `maxcount`, `condition_id`) VALUES (1200004, 20571, 25, 0, 1, 1, 0);
DELETE FROM `creature_loot_template` WHERE `entry`=1200004 AND `item`=20572 AND `groupid`=0;
INSERT INTO `creature_loot_template` (`entry`, `item`, `ChanceOrQuestChance`, `groupid`, `mincountOrRef`, `maxcount`, `condition_id`) VALUES (1200004, 20572, 25, 0, 1, 1, 0);
DELETE FROM `creature_loot_template` WHERE `entry`=1200004 AND `item`=20573 AND `groupid`=0;
INSERT INTO `creature_loot_template` (`entry`, `item`, `ChanceOrQuestChance`, `groupid`, `mincountOrRef`, `maxcount`, `condition_id`) VALUES (1200004, 20573, 25, 0, 1, 1, 0);
DELETE FROM `creature_loot_template` WHERE `entry`=1200004 AND `item`=20574 AND `groupid`=0;
INSERT INTO `creature_loot_template` (`entry`, `item`, `ChanceOrQuestChance`, `groupid`, `mincountOrRef`, `maxcount`, `condition_id`) VALUES (1200004, 20574, 25, 0, 1, 1, 0);
DELETE FROM `creature_loot_template` WHERE `entry`=1200004 AND `item`=22235 AND `groupid`=0;
INSERT INTO `creature_loot_template` (`entry`, `item`, `ChanceOrQuestChance`, `groupid`, `mincountOrRef`, `maxcount`, `condition_id`) VALUES (1200004, 22235, 5, 0, 1, 1, 0);
DELETE FROM `creature_loot_template` WHERE `entry`=1200004 AND `item`=23193 AND `groupid`=0;
INSERT INTO `creature_loot_template` (`entry`, `item`, `ChanceOrQuestChance`, `groupid`, `mincountOrRef`, `maxcount`, `condition_id`) VALUES (1200004, 23193, 5, 0, 1, 1, 0);
DELETE FROM `creature_loot_template` WHERE `entry`=1200004 AND `item`=50002 AND `groupid`=0;
INSERT INTO `creature_loot_template` (`entry`, `item`, `ChanceOrQuestChance`, `groupid`, `mincountOrRef`, `maxcount`, `condition_id`) VALUES (1200004, 50002, 5, 0, 1, 1, 0);
DELETE FROM `creature_loot_template` WHERE `entry`=1200004 AND `item`=50010 AND `groupid`=0;
INSERT INTO `creature_loot_template` (`entry`, `item`, `ChanceOrQuestChance`, `groupid`, `mincountOrRef`, `maxcount`, `condition_id`) VALUES (1200004, 50010, 5, 0, 1, 1, 0);
DELETE FROM `creature_loot_template` WHERE `entry`=1200004 AND `item`=55559 AND `groupid`=0;
INSERT INTO `creature_loot_template` (`entry`, `item`, `ChanceOrQuestChance`, `groupid`, `mincountOrRef`, `maxcount`, `condition_id`) VALUES (1200004, 55559, 5, 0, 1, 1, 0);
DELETE FROM `creature_loot_template` WHERE `entry`=1200004 AND `item`=55560 AND `groupid`=0;
INSERT INTO `creature_loot_template` (`entry`, `item`, `ChanceOrQuestChance`, `groupid`, `mincountOrRef`, `maxcount`, `condition_id`) VALUES (1200004, 55560, 5, 0, 1, 1, 0);
DELETE FROM `creature_loot_template` WHERE `entry`=1200003 AND `item`=936306 AND `groupid`=0;
INSERT INTO `creature_loot_template` (`entry`, `item`, `ChanceOrQuestChance`, `groupid`, `mincountOrRef`, `maxcount`, `condition_id`) VALUES (1200003, 936306, 100, 0, -936306, 1, 0);
DELETE FROM `creature_loot_template` WHERE `entry`=1200003 AND `item`=55670 AND `groupid`=0;
INSERT INTO `creature_loot_template` (`entry`, `item`, `ChanceOrQuestChance`, `groupid`, `mincountOrRef`, `maxcount`, `condition_id`) VALUES (1200003, 55670, 100, 0, 1, 5, 0);
DELETE FROM `creature_loot_template` WHERE `entry`=1200004 AND `item`=55561 AND `groupid`=0;
INSERT INTO `creature_loot_template` (`entry`, `item`, `ChanceOrQuestChance`, `groupid`, `mincountOrRef`, `maxcount`, `condition_id`) VALUES (1200004, 55561, 5, 0, 1, 1, 0);
DELETE FROM `creature_loot_template` WHERE `entry`=1200004 AND `item`=55571 AND `groupid`=0;
INSERT INTO `creature_loot_template` (`entry`, `item`, `ChanceOrQuestChance`, `groupid`, `mincountOrRef`, `maxcount`, `condition_id`) VALUES (1200004, 55571, 5, 0, 1, 1, 0);


-- Quest
DELETE FROM `creature_questrelation` WHERE `id`=1200005 AND `quest`=30005 AND `patch`=0;
INSERT INTO `creature_questrelation` (`id`, `quest`, `patch`) VALUES (1200005, 30005, 0);
DELETE FROM `creature_involvedrelation` WHERE `id`=1200005 AND `quest`=30005 AND `patch`=0;
INSERT INTO `creature_involvedrelation` (`id`, `quest`, `patch`) VALUES (1200005, 30005, 0);
DELETE FROM `quest_template` WHERE `entry`=30005 AND `patch`=0;
INSERT INTO `quest_template` (`entry`, `patch`, `Method`, `ZoneOrSort`, `MinLevel`, `MaxLevel`, `QuestLevel`, `Type`, `RequiredClasses`, `RequiredRaces`, `RequiredSkill`, `RequiredSkillValue`, `RepObjectiveFaction`, `RepObjectiveValue`, `RequiredMinRepFaction`, `RequiredMinRepValue`, `RequiredMaxRepFaction`, `RequiredMaxRepValue`, `SuggestedPlayers`, `LimitTime`, `QuestFlags`, `SpecialFlags`, `PrevQuestId`, `NextQuestId`, `ExclusiveGroup`, `NextQuestInChain`, `SrcItemId`, `SrcItemCount`, `SrcSpell`, `Title`, `Details`, `Objectives`, `OfferRewardText`, `RequestItemsText`, `EndText`, `ObjectiveText1`, `ObjectiveText2`, `ObjectiveText3`, `ObjectiveText4`, `ReqItemId1`, `ReqItemId2`, `ReqItemId3`, `ReqItemId4`, `ReqItemCount1`, `ReqItemCount2`, `ReqItemCount3`, `ReqItemCount4`, `ReqSourceId1`, `ReqSourceId2`, `ReqSourceId3`, `ReqSourceId4`, `ReqSourceCount1`, `ReqSourceCount2`, `ReqSourceCount3`, `ReqSourceCount4`, `ReqCreatureOrGOId1`, `ReqCreatureOrGOId2`, `ReqCreatureOrGOId3`, `ReqCreatureOrGOId4`, `ReqCreatureOrGOCount1`, `ReqCreatureOrGOCount2`, `ReqCreatureOrGOCount3`, `ReqCreatureOrGOCount4`, `ReqSpellCast1`, `ReqSpellCast2`, `ReqSpellCast3`, `ReqSpellCast4`, `RewChoiceItemId1`, `RewChoiceItemId2`, `RewChoiceItemId3`, `RewChoiceItemId4`, `RewChoiceItemId5`, `RewChoiceItemId6`, `RewChoiceItemCount1`, `RewChoiceItemCount2`, `RewChoiceItemCount3`, `RewChoiceItemCount4`, `RewChoiceItemCount5`, `RewChoiceItemCount6`, `RewItemId1`, `RewItemId2`, `RewItemId3`, `RewItemId4`, `RewItemCount1`, `RewItemCount2`, `RewItemCount3`, `RewItemCount4`, `RewRepFaction1`, `RewRepFaction2`, `RewRepFaction3`, `RewRepFaction4`, `RewRepFaction5`, `RewRepValue1`, `RewRepValue2`, `RewRepValue3`, `RewRepValue4`, `RewRepValue5`, `RewOrReqMoney`, `RewMoneyMaxLevel`, `RewSpell`, `RewSpellCast`, `RewMailTemplateId`, `RewMailDelaySecs`, `PointMapId`, `PointX`, `PointY`, `PointOpt`, `DetailsEmote1`, `DetailsEmote2`, `DetailsEmote3`, `DetailsEmote4`, `DetailsEmoteDelay1`, `DetailsEmoteDelay2`, `DetailsEmoteDelay3`, `DetailsEmoteDelay4`, `IncompleteEmote`, `CompleteEmote`, `OfferRewardEmote1`, `OfferRewardEmote2`, `OfferRewardEmote3`, `OfferRewardEmote4`, `OfferRewardEmoteDelay1`, `OfferRewardEmoteDelay2`, `OfferRewardEmoteDelay3`, `OfferRewardEmoteDelay4`, `StartScript`, `CompleteScript`, `RewardXP`) VALUES (30005, 0, 2, 0, 45, 60, 60, 41, 0, 0, 0, 0, 0, 0, 0, 0, 0, 0, 0, 0, 0, 0, 0, 0, 0, 0, 0, 0, 0, 'The Spider Queen', 'Dark tidings to you $n.$B$BThe dark arachnid queen has awoken from her slumber on this Hallow\'s End. You will find her nearby, feasting on local citizens.$B$BDestroy her and her brood! Legend says they hold valuable items ...', 'Follow the Warlock\'s crystals out of Razr Hill and kill the spider queen and 3 of her broodlings.', 'I felt her body perish. But she will return ... her and her brood ... to feast on the living again.$B$BOh, whats this? It seems a spiderling attached itself to you during the struggle. Let me get that for you .... $B$B**Spiderling bears its fang and hisses**$B$BOn second thought ... he seems to like you. Farewell, $N.', 'Have you done it, $N?', NULL, 'Kill the Spider Queen', 'Kill 3 Hallow\'s Eve Spiders', NULL, NULL, 0, 0, 0, 0, 0, 0, 0, 0, 0, 0, 0, 0, 0, 0, 0, 0, 1200003, 1200004, 0, 0, 1, 3, 0, 0, 0, 0, 0, 0, 0, 0, 0, 0, 0, 0, 0, 0, 0, 0, 0, 0, 60018, 0, 0, 0, 0, 0, 0, 0, 0, 0, 0, 0, 0, 0, 0, 0, 0, 0, 0, 0, 0, 0, 0, 0, 0, 0, 0, 0, 0, 0, 0, 0, 0, 0, 0, 0, 0, 1, 0, 0, 0, 0, 0, 0, 0, 0, 0, 0, 0);

-- Pet Item
DELETE FROM `item_template` WHERE `entry`=60018 AND `patch`=0;
INSERT INTO `item_template` (`entry`, `patch`, `class`, `subclass`, `name`, `displayid`, `Quality`, `Flags`, `BuyCount`, `BuyPrice`, `SellPrice`, `InventoryType`, `AllowableClass`, `AllowableRace`, `ItemLevel`, `RequiredLevel`, `RequiredSkill`, `RequiredSkillRank`, `requiredspell`, `requiredhonorrank`, `RequiredCityRank`, `RequiredReputationFaction`, `RequiredReputationRank`, `maxcount`, `stackable`, `ContainerSlots`, `stat_type1`, `stat_value1`, `stat_type2`, `stat_value2`, `stat_type3`, `stat_value3`, `stat_type4`, `stat_value4`, `stat_type5`, `stat_value5`, `stat_type6`, `stat_value6`, `stat_type7`, `stat_value7`, `stat_type8`, `stat_value8`, `stat_type9`, `stat_value9`, `stat_type10`, `stat_value10`, `dmg_min1`, `dmg_max1`, `dmg_type1`, `dmg_min2`, `dmg_max2`, `dmg_type2`, `dmg_min3`, `dmg_max3`, `dmg_type3`, `dmg_min4`, `dmg_max4`, `dmg_type4`, `dmg_min5`, `dmg_max5`, `dmg_type5`, `armor`, `holy_res`, `fire_res`, `nature_res`, `frost_res`, `shadow_res`, `arcane_res`, `delay`, `ammo_type`, `RangedModRange`, `spellid_1`, `spelltrigger_1`, `spellcharges_1`, `spellppmRate_1`, `spellcooldown_1`, `spellcategory_1`, `spellcategorycooldown_1`, `spellid_2`, `spelltrigger_2`, `spellcharges_2`, `spellppmRate_2`, `spellcooldown_2`, `spellcategory_2`, `spellcategorycooldown_2`, `spellid_3`, `spelltrigger_3`, `spellcharges_3`, `spellppmRate_3`, `spellcooldown_3`, `spellcategory_3`, `spellcategorycooldown_3`, `spellid_4`, `spelltrigger_4`, `spellcharges_4`, `spellppmRate_4`, `spellcooldown_4`, `spellcategory_4`, `spellcategorycooldown_4`, `spellid_5`, `spelltrigger_5`, `spellcharges_5`, `spellppmRate_5`, `spellcooldown_5`, `spellcategory_5`, `spellcategorycooldown_5`, `bonding`, `description`, `PageText`, `LanguageID`, `PageMaterial`, `startquest`, `lockid`, `Material`, `sheath`, `RandomProperty`, `block`, `itemset`, `MaxDurability`, `area`, `Map`, `BagFamily`, `ScriptName`, `DisenchantID`, `FoodType`, `minMoneyLoot`, `maxMoneyLoot`, `Duration`, `ExtraFlags`, `OtherTeamEntry`) VALUES (60018, 0, 0, 0, 'Spiderling Web', 18597, 1, 1088, 1, 0, 0, 0, 2047, 255, 1, 0, 0, 0, 0, 0, 0, 0, 0, 1, 1, 0, 0, 0, 0, 0, 0, 0, 0, 0, 0, 0, 0, 0, 0, 0, 0, 0, 0, 0, 0, 0, 0, 0, 0, 0, 0, 0, 0, 0, 0, 0, 0, 0, 0, 0, 0, 0, 0, 0, 0, 0, 0, 0, 0, 0, 0, 27639, 0, 0, 0, -1, 0, -1, 0, 0, 0, 0, -1, 0, -1, 0, 0, 0, 0, -1, 0, -1, 0, 0, 0, 0, -1, 0, -1, 0, 0, 0, 0, 0, 0, 0, 1, 'A spidlering attached itself to you when you destroyed the Spider Queen during Hallow\'s End. It seems to think you\'re it\'s new mother ...', 0, 0, 0, 0, 0, -1, 0, 0, 0, 0, 0, 0, 0, 0, '', 0, 0, 0, 0, 0, 0, 1);

-- Zombie Scripts
DELETE FROM `script_texts` WHERE `entry`=-1999842;
INSERT INTO `script_texts` (`entry`, `content_default`, `content_loc1`, `content_loc2`, `content_loc3`, `content_loc4`, `content_loc5`, `content_loc6`, `content_loc7`, `content_loc8`, `sound`, `type`, `language`, `emote`, `comment`) VALUES (-1999842, 'You are all already dead, mortals! Join me!', NULL, NULL, NULL, NULL, NULL, NULL, NULL, '   , !', 0, 6, 0, 0, 'SAY_SHADOWSTORM');
DELETE FROM `script_texts` WHERE `entry`=-1999841;
INSERT INTO `script_texts` (`entry`, `content_default`, `content_loc1`, `content_loc2`, `content_loc3`, `content_loc4`, `content_loc5`, `content_loc6`, `content_loc7`, `content_loc8`, `sound`, `type`, `language`, `emote`, `comment`) VALUES (-1999841, 'Death isn\'t so bad, $N! Join us in the void ...', NULL, NULL, NULL, NULL, NULL, NULL, NULL, '  , $N!   !', 0, 6, 0, 0, 'SAY_LIKE_DEMON2');
DELETE FROM `script_texts` WHERE `entry`=-1999840;
INSERT INTO `script_texts` (`entry`, `content_default`, `content_loc1`, `content_loc2`, `content_loc3`, `content_loc4`, `content_loc5`, `content_loc6`, `content_loc7`, `content_loc8`, `sound`, `type`, `language`, `emote`, `comment`) VALUES (-1999840, 'Do you like it, $N? The feeling of ever lasting death?', NULL, NULL, NULL, NULL, NULL, NULL, NULL, '  , $N?     ?', 0, 6, 0, 0, 'SAY_LIKE_DEMON');
DELETE FROM `script_texts` WHERE `entry`=-1999836;
INSERT INTO `script_texts` (`entry`, `content_default`, `content_loc1`, `content_loc2`, `content_loc3`, `content_loc4`, `content_loc5`, `content_loc6`, `content_loc7`, `content_loc8`, `sound`, `type`, `language`, `emote`, `comment`) VALUES (-1999836, 'Enjoy ever lasting death, $N. You will walk this world as a corpse forever ...', NULL, NULL, NULL, NULL, NULL, NULL, NULL, '  , $N!        !', 0, 6, 0, 0, 'SAY_TAKE_GIFT2');
DELETE FROM `script_texts` WHERE `entry`=-1999835;
INSERT INTO `script_texts` (`entry`, `content_default`, `content_loc1`, `content_loc2`, `content_loc3`, `content_loc4`, `content_loc5`, `content_loc6`, `content_loc7`, `content_loc8`, `sound`, `type`, `language`, `emote`, `comment`) VALUES (-1999835, 'You shall be a corpse forever, $N! Minds the worms!', NULL, NULL, NULL, NULL, NULL, NULL, NULL, '  , $N!    !', 0, 6, 0, 0, 'SAY_TAKE_GIFT');


-- End of migration.
END IF;
END??
delimiter ; 
CALL add_migration();
DROP PROCEDURE IF EXISTS add_migration;
