DROP PROCEDURE IF EXISTS add_migration;
delimiter ??
CREATE PROCEDURE `add_migration`()
BEGIN
DECLARE v INT DEFAULT 1;
SET v = (SELECT COUNT(*) FROM `migrations` WHERE `id`='20201120013552');
IF v=0 THEN
INSERT INTO `migrations` VALUES ('20201120013552');
-- Add your query below.

DELETE FROM `creature_template` WHERE `entry`=1201121 AND `patch`=0;
INSERT INTO `creature_template` (`entry`, `patch`, `KillCredit1`, `KillCredit2`, `modelid_1`, `modelid_2`, `modelid_3`, `modelid_4`, `name`, `subname`, `gossip_menu_id`, `minlevel`, `maxlevel`, `minhealth`, `maxhealth`, `minmana`, `maxmana`, `armor`, `faction_A`, `faction_H`, `npcflag`, `speed_walk`, `speed_run`, `scale`, `rank`, `mindmg`, `maxdmg`, `dmgschool`, `attackpower`, `dmg_multiplier`, `baseattacktime`, `rangeattacktime`, `unit_class`, `unit_flags`, `dynamicflags`, `family`, `trainer_type`, `trainer_spell`, `trainer_class`, `trainer_race`, `minrangedmg`, `maxrangedmg`, `rangedattackpower`, `type`, `type_flags`, `lootid`, `pickpocketloot`, `skinloot`, `resistance1`, `resistance2`, `resistance3`, `resistance4`, `resistance5`, `resistance6`, `spell1`, `spell2`, `spell3`, `spell4`, `PetSpellDataId`, `mingold`, `maxgold`, `AIName`, `MovementType`, `InhabitType`, `Civilian`, `RacialLeader`, `RegenHealth`, `equipment_id`, `trainer_id`, `vendor_id`, `MechanicImmuneMask`, `SchoolImmuneMask`, `flags_extra`, `aggroRadius`, `ScriptName`) VALUES (1201121, 0, 0, 0, 15750, 0, 0, 0, ' Shoulders', 'Nostalgia WoW', 0, 60, 60, 1337, 1337, 420, 420, 3252, 35, 35, 21, 1.26, 1.14286, 2, 1, 110, 142, 0, 272, 1, 2000, 2000, 8, 2, 0, 0, 0, 0, 0, 0, 74.448, 102.366, 100, 7, 0, 0, 0, 0, 0, 0, 0, 0, 0, 0, 0, 0, 0, 0, 0, 0, 0, '', 0, 3, 0, 0, 1, 0, 0, 1200029, 0, 0, 64, 0, '');
DELETE FROM `creature_template` WHERE `entry`=1201122 AND `patch`=0;
INSERT INTO `creature_template` (`entry`, `patch`, `KillCredit1`, `KillCredit2`, `modelid_1`, `modelid_2`, `modelid_3`, `modelid_4`, `name`, `subname`, `gossip_menu_id`, `minlevel`, `maxlevel`, `minhealth`, `maxhealth`, `minmana`, `maxmana`, `armor`, `faction_A`, `faction_H`, `npcflag`, `speed_walk`, `speed_run`, `scale`, `rank`, `mindmg`, `maxdmg`, `dmgschool`, `attackpower`, `dmg_multiplier`, `baseattacktime`, `rangeattacktime`, `unit_class`, `unit_flags`, `dynamicflags`, `family`, `trainer_type`, `trainer_spell`, `trainer_class`, `trainer_race`, `minrangedmg`, `maxrangedmg`, `rangedattackpower`, `type`, `type_flags`, `lootid`, `pickpocketloot`, `skinloot`, `resistance1`, `resistance2`, `resistance3`, `resistance4`, `resistance5`, `resistance6`, `spell1`, `spell2`, `spell3`, `spell4`, `PetSpellDataId`, `mingold`, `maxgold`, `AIName`, `MovementType`, `InhabitType`, `Civilian`, `RacialLeader`, `RegenHealth`, `equipment_id`, `trainer_id`, `vendor_id`, `MechanicImmuneMask`, `SchoolImmuneMask`, `flags_extra`, `aggroRadius`, `ScriptName`) VALUES (1201122, 0, 0, 0, 15750, 0, 0, 0, ' Chests', 'Nostalgia WoW', 0, 60, 60, 1337, 1337, 420, 420, 3252, 35, 35, 21, 1.26, 1.14286, 2, 1, 110, 142, 0, 272, 1, 2000, 2000, 8, 2, 0, 0, 0, 0, 0, 0, 74.448, 102.366, 100, 7, 0, 0, 0, 0, 0, 0, 0, 0, 0, 0, 0, 0, 0, 0, 0, 0, 0, '', 0, 3, 0, 0, 1, 0, 0, 1200029, 0, 0, 64, 0, '');
DELETE FROM `creature_template` WHERE `entry`=1201123 AND `patch`=0;
INSERT INTO `creature_template` (`entry`, `patch`, `KillCredit1`, `KillCredit2`, `modelid_1`, `modelid_2`, `modelid_3`, `modelid_4`, `name`, `subname`, `gossip_menu_id`, `minlevel`, `maxlevel`, `minhealth`, `maxhealth`, `minmana`, `maxmana`, `armor`, `faction_A`, `faction_H`, `npcflag`, `speed_walk`, `speed_run`, `scale`, `rank`, `mindmg`, `maxdmg`, `dmgschool`, `attackpower`, `dmg_multiplier`, `baseattacktime`, `rangeattacktime`, `unit_class`, `unit_flags`, `dynamicflags`, `family`, `trainer_type`, `trainer_spell`, `trainer_class`, `trainer_race`, `minrangedmg`, `maxrangedmg`, `rangedattackpower`, `type`, `type_flags`, `lootid`, `pickpocketloot`, `skinloot`, `resistance1`, `resistance2`, `resistance3`, `resistance4`, `resistance5`, `resistance6`, `spell1`, `spell2`, `spell3`, `spell4`, `PetSpellDataId`, `mingold`, `maxgold`, `AIName`, `MovementType`, `InhabitType`, `Civilian`, `RacialLeader`, `RegenHealth`, `equipment_id`, `trainer_id`, `vendor_id`, `MechanicImmuneMask`, `SchoolImmuneMask`, `flags_extra`, `aggroRadius`, `ScriptName`) VALUES (1201123, 0, 0, 0, 15750, 0, 0, 0, ' Belts', 'Nostalgia WoW', 0, 60, 60, 1337, 1337, 420, 420, 3252, 35, 35, 21, 1.26, 1.14286, 2, 1, 110, 142, 0, 272, 1, 2000, 2000, 8, 2, 0, 0, 0, 0, 0, 0, 74.448, 102.366, 100, 7, 0, 0, 0, 0, 0, 0, 0, 0, 0, 0, 0, 0, 0, 0, 0, 0, 0, '', 0, 3, 0, 0, 1, 0, 0, 1200029, 0, 0, 64, 0, '');
DELETE FROM `creature_template` WHERE `entry`=1201124 AND `patch`=0;
INSERT INTO `creature_template` (`entry`, `patch`, `KillCredit1`, `KillCredit2`, `modelid_1`, `modelid_2`, `modelid_3`, `modelid_4`, `name`, `subname`, `gossip_menu_id`, `minlevel`, `maxlevel`, `minhealth`, `maxhealth`, `minmana`, `maxmana`, `armor`, `faction_A`, `faction_H`, `npcflag`, `speed_walk`, `speed_run`, `scale`, `rank`, `mindmg`, `maxdmg`, `dmgschool`, `attackpower`, `dmg_multiplier`, `baseattacktime`, `rangeattacktime`, `unit_class`, `unit_flags`, `dynamicflags`, `family`, `trainer_type`, `trainer_spell`, `trainer_class`, `trainer_race`, `minrangedmg`, `maxrangedmg`, `rangedattackpower`, `type`, `type_flags`, `lootid`, `pickpocketloot`, `skinloot`, `resistance1`, `resistance2`, `resistance3`, `resistance4`, `resistance5`, `resistance6`, `spell1`, `spell2`, `spell3`, `spell4`, `PetSpellDataId`, `mingold`, `maxgold`, `AIName`, `MovementType`, `InhabitType`, `Civilian`, `RacialLeader`, `RegenHealth`, `equipment_id`, `trainer_id`, `vendor_id`, `MechanicImmuneMask`, `SchoolImmuneMask`, `flags_extra`, `aggroRadius`, `ScriptName`) VALUES (1201124, 0, 0, 0, 15750, 0, 0, 0, ' Cloaks', 'Nostalgia WoW', 0, 60, 60, 1337, 1337, 420, 420, 3252, 35, 35, 21, 1.26, 1.14286, 2, 1, 110, 142, 0, 272, 1, 2000, 2000, 8, 2, 0, 0, 0, 0, 0, 0, 74.448, 102.366, 100, 7, 0, 0, 0, 0, 0, 0, 0, 0, 0, 0, 0, 0, 0, 0, 0, 0, 0, '', 0, 3, 0, 0, 1, 0, 0, 1200029, 0, 0, 64, 0, '');
DELETE FROM `creature_template` WHERE `entry`=1201125 AND `patch`=0;
INSERT INTO `creature_template` (`entry`, `patch`, `KillCredit1`, `KillCredit2`, `modelid_1`, `modelid_2`, `modelid_3`, `modelid_4`, `name`, `subname`, `gossip_menu_id`, `minlevel`, `maxlevel`, `minhealth`, `maxhealth`, `minmana`, `maxmana`, `armor`, `faction_A`, `faction_H`, `npcflag`, `speed_walk`, `speed_run`, `scale`, `rank`, `mindmg`, `maxdmg`, `dmgschool`, `attackpower`, `dmg_multiplier`, `baseattacktime`, `rangeattacktime`, `unit_class`, `unit_flags`, `dynamicflags`, `family`, `trainer_type`, `trainer_spell`, `trainer_class`, `trainer_race`, `minrangedmg`, `maxrangedmg`, `rangedattackpower`, `type`, `type_flags`, `lootid`, `pickpocketloot`, `skinloot`, `resistance1`, `resistance2`, `resistance3`, `resistance4`, `resistance5`, `resistance6`, `spell1`, `spell2`, `spell3`, `spell4`, `PetSpellDataId`, `mingold`, `maxgold`, `AIName`, `MovementType`, `InhabitType`, `Civilian`, `RacialLeader`, `RegenHealth`, `equipment_id`, `trainer_id`, `vendor_id`, `MechanicImmuneMask`, `SchoolImmuneMask`, `flags_extra`, `aggroRadius`, `ScriptName`) VALUES (1201125, 0, 0, 0, 15750, 0, 0, 0, ' Rings', 'Nostalgia WoW', 0, 60, 60, 1337, 1337, 420, 420, 3252, 35, 35, 21, 1.26, 1.14286, 2, 1, 110, 142, 0, 272, 1, 2000, 2000, 8, 2, 0, 0, 0, 0, 0, 0, 74.448, 102.366, 100, 7, 0, 0, 0, 0, 0, 0, 0, 0, 0, 0, 0, 0, 0, 0, 0, 0, 0, '', 0, 3, 0, 0, 1, 0, 0, 1200029, 0, 0, 64, 0, '');
DELETE FROM `creature_template` WHERE `entry`=1201126 AND `patch`=0;
INSERT INTO `creature_template` (`entry`, `patch`, `KillCredit1`, `KillCredit2`, `modelid_1`, `modelid_2`, `modelid_3`, `modelid_4`, `name`, `subname`, `gossip_menu_id`, `minlevel`, `maxlevel`, `minhealth`, `maxhealth`, `minmana`, `maxmana`, `armor`, `faction_A`, `faction_H`, `npcflag`, `speed_walk`, `speed_run`, `scale`, `rank`, `mindmg`, `maxdmg`, `dmgschool`, `attackpower`, `dmg_multiplier`, `baseattacktime`, `rangeattacktime`, `unit_class`, `unit_flags`, `dynamicflags`, `family`, `trainer_type`, `trainer_spell`, `trainer_class`, `trainer_race`, `minrangedmg`, `maxrangedmg`, `rangedattackpower`, `type`, `type_flags`, `lootid`, `pickpocketloot`, `skinloot`, `resistance1`, `resistance2`, `resistance3`, `resistance4`, `resistance5`, `resistance6`, `spell1`, `spell2`, `spell3`, `spell4`, `PetSpellDataId`, `mingold`, `maxgold`, `AIName`, `MovementType`, `InhabitType`, `Civilian`, `RacialLeader`, `RegenHealth`, `equipment_id`, `trainer_id`, `vendor_id`, `MechanicImmuneMask`, `SchoolImmuneMask`, `flags_extra`, `aggroRadius`, `ScriptName`) VALUES (1201126, 0, 0, 0, 15750, 0, 0, 0, ' Necklaces', 'Nostalgia WoW', 0, 60, 60, 1337, 1337, 420, 420, 3252, 35, 35, 21, 1.26, 1.14286, 2, 1, 110, 142, 0, 272, 1, 2000, 2000, 8, 2, 0, 0, 0, 0, 0, 0, 74.448, 102.366, 100, 7, 0, 0, 0, 0, 0, 0, 0, 0, 0, 0, 0, 0, 0, 0, 0, 0, 0, '', 0, 3, 0, 0, 1, 0, 0, 1200029, 0, 0, 64, 0, '');
DELETE FROM `creature_template` WHERE `entry`=1201127 AND `patch`=0;
INSERT INTO `creature_template` (`entry`, `patch`, `KillCredit1`, `KillCredit2`, `modelid_1`, `modelid_2`, `modelid_3`, `modelid_4`, `name`, `subname`, `gossip_menu_id`, `minlevel`, `maxlevel`, `minhealth`, `maxhealth`, `minmana`, `maxmana`, `armor`, `faction_A`, `faction_H`, `npcflag`, `speed_walk`, `speed_run`, `scale`, `rank`, `mindmg`, `maxdmg`, `dmgschool`, `attackpower`, `dmg_multiplier`, `baseattacktime`, `rangeattacktime`, `unit_class`, `unit_flags`, `dynamicflags`, `family`, `trainer_type`, `trainer_spell`, `trainer_class`, `trainer_race`, `minrangedmg`, `maxrangedmg`, `rangedattackpower`, `type`, `type_flags`, `lootid`, `pickpocketloot`, `skinloot`, `resistance1`, `resistance2`, `resistance3`, `resistance4`, `resistance5`, `resistance6`, `spell1`, `spell2`, `spell3`, `spell4`, `PetSpellDataId`, `mingold`, `maxgold`, `AIName`, `MovementType`, `InhabitType`, `Civilian`, `RacialLeader`, `RegenHealth`, `equipment_id`, `trainer_id`, `vendor_id`, `MechanicImmuneMask`, `SchoolImmuneMask`, `flags_extra`, `aggroRadius`, `ScriptName`) VALUES (1201127, 0, 0, 0, 15750, 0, 0, 0, ' Bracers', 'Nostalgia WoW', 0, 60, 60, 1337, 1337, 420, 420, 3252, 35, 35, 21, 1.26, 1.14286, 2, 1, 110, 142, 0, 272, 1, 2000, 2000, 8, 2, 0, 0, 0, 0, 0, 0, 74.448, 102.366, 100, 7, 0, 0, 0, 0, 0, 0, 0, 0, 0, 0, 0, 0, 0, 0, 0, 0, 0, '', 0, 3, 0, 0, 1, 0, 0, 1200029, 0, 0, 64, 0, '');
DELETE FROM `creature_template` WHERE `entry`=1201128 AND `patch`=0;
INSERT INTO `creature_template` (`entry`, `patch`, `KillCredit1`, `KillCredit2`, `modelid_1`, `modelid_2`, `modelid_3`, `modelid_4`, `name`, `subname`, `gossip_menu_id`, `minlevel`, `maxlevel`, `minhealth`, `maxhealth`, `minmana`, `maxmana`, `armor`, `faction_A`, `faction_H`, `npcflag`, `speed_walk`, `speed_run`, `scale`, `rank`, `mindmg`, `maxdmg`, `dmgschool`, `attackpower`, `dmg_multiplier`, `baseattacktime`, `rangeattacktime`, `unit_class`, `unit_flags`, `dynamicflags`, `family`, `trainer_type`, `trainer_spell`, `trainer_class`, `trainer_race`, `minrangedmg`, `maxrangedmg`, `rangedattackpower`, `type`, `type_flags`, `lootid`, `pickpocketloot`, `skinloot`, `resistance1`, `resistance2`, `resistance3`, `resistance4`, `resistance5`, `resistance6`, `spell1`, `spell2`, `spell3`, `spell4`, `PetSpellDataId`, `mingold`, `maxgold`, `AIName`, `MovementType`, `InhabitType`, `Civilian`, `RacialLeader`, `RegenHealth`, `equipment_id`, `trainer_id`, `vendor_id`, `MechanicImmuneMask`, `SchoolImmuneMask`, `flags_extra`, `aggroRadius`, `ScriptName`) VALUES (1201128, 0, 0, 0, 15750, 0, 0, 0, ' Trinkets', 'Nostalgia WoW', 0, 60, 60, 1337, 1337, 420, 420, 3252, 35, 35, 21, 1.26, 1.14286, 2, 1, 110, 142, 0, 272, 1, 2000, 2000, 8, 2, 0, 0, 0, 0, 0, 0, 74.448, 102.366, 100, 7, 0, 0, 0, 0, 0, 0, 0, 0, 0, 0, 0, 0, 0, 0, 0, 0, 0, '', 0, 3, 0, 0, 1, 0, 0, 1200029, 0, 0, 64, 0, '');
DELETE FROM `creature_template` WHERE `entry`=1201129 AND `patch`=0;
INSERT INTO `creature_template` (`entry`, `patch`, `KillCredit1`, `KillCredit2`, `modelid_1`, `modelid_2`, `modelid_3`, `modelid_4`, `name`, `subname`, `gossip_menu_id`, `minlevel`, `maxlevel`, `minhealth`, `maxhealth`, `minmana`, `maxmana`, `armor`, `faction_A`, `faction_H`, `npcflag`, `speed_walk`, `speed_run`, `scale`, `rank`, `mindmg`, `maxdmg`, `dmgschool`, `attackpower`, `dmg_multiplier`, `baseattacktime`, `rangeattacktime`, `unit_class`, `unit_flags`, `dynamicflags`, `family`, `trainer_type`, `trainer_spell`, `trainer_class`, `trainer_race`, `minrangedmg`, `maxrangedmg`, `rangedattackpower`, `type`, `type_flags`, `lootid`, `pickpocketloot`, `skinloot`, `resistance1`, `resistance2`, `resistance3`, `resistance4`, `resistance5`, `resistance6`, `spell1`, `spell2`, `spell3`, `spell4`, `PetSpellDataId`, `mingold`, `maxgold`, `AIName`, `MovementType`, `InhabitType`, `Civilian`, `RacialLeader`, `RegenHealth`, `equipment_id`, `trainer_id`, `vendor_id`, `MechanicImmuneMask`, `SchoolImmuneMask`, `flags_extra`, `aggroRadius`, `ScriptName`) VALUES (1201129, 0, 0, 0, 15750, 0, 0, 0, ' Gloves', 'Nostalgia WoW', 0, 60, 60, 1337, 1337, 420, 420, 3252, 35, 35, 21, 1.26, 1.14286, 2, 1, 110, 142, 0, 272, 1, 2000, 2000, 8, 2, 0, 0, 0, 0, 0, 0, 74.448, 102.366, 100, 7, 0, 0, 0, 0, 0, 0, 0, 0, 0, 0, 0, 0, 0, 0, 0, 0, 0, '', 0, 3, 0, 0, 1, 0, 0, 1200029, 0, 0, 64, 0, '');
DELETE FROM `creature_template` WHERE `entry`=1201130 AND `patch`=0;
INSERT INTO `creature_template` (`entry`, `patch`, `KillCredit1`, `KillCredit2`, `modelid_1`, `modelid_2`, `modelid_3`, `modelid_4`, `name`, `subname`, `gossip_menu_id`, `minlevel`, `maxlevel`, `minhealth`, `maxhealth`, `minmana`, `maxmana`, `armor`, `faction_A`, `faction_H`, `npcflag`, `speed_walk`, `speed_run`, `scale`, `rank`, `mindmg`, `maxdmg`, `dmgschool`, `attackpower`, `dmg_multiplier`, `baseattacktime`, `rangeattacktime`, `unit_class`, `unit_flags`, `dynamicflags`, `family`, `trainer_type`, `trainer_spell`, `trainer_class`, `trainer_race`, `minrangedmg`, `maxrangedmg`, `rangedattackpower`, `type`, `type_flags`, `lootid`, `pickpocketloot`, `skinloot`, `resistance1`, `resistance2`, `resistance3`, `resistance4`, `resistance5`, `resistance6`, `spell1`, `spell2`, `spell3`, `spell4`, `PetSpellDataId`, `mingold`, `maxgold`, `AIName`, `MovementType`, `InhabitType`, `Civilian`, `RacialLeader`, `RegenHealth`, `equipment_id`, `trainer_id`, `vendor_id`, `MechanicImmuneMask`, `SchoolImmuneMask`, `flags_extra`, `aggroRadius`, `ScriptName`) VALUES (1201130, 0, 0, 0, 15750, 0, 0, 0, ' Helmets', 'Nostalgia WoW', 0, 60, 60, 1337, 1337, 420, 420, 3252, 35, 35, 21, 1.26, 1.14286, 2, 1, 110, 142, 0, 272, 1, 2000, 2000, 8, 2, 0, 0, 0, 0, 0, 0, 74.448, 102.366, 100, 7, 0, 0, 0, 0, 0, 0, 0, 0, 0, 0, 0, 0, 0, 0, 0, 0, 0, '', 0, 3, 0, 0, 1, 0, 0, 1200029, 0, 0, 64, 0, '');
DELETE FROM `creature_template` WHERE `entry`=1201131 AND `patch`=0;
INSERT INTO `creature_template` (`entry`, `patch`, `KillCredit1`, `KillCredit2`, `modelid_1`, `modelid_2`, `modelid_3`, `modelid_4`, `name`, `subname`, `gossip_menu_id`, `minlevel`, `maxlevel`, `minhealth`, `maxhealth`, `minmana`, `maxmana`, `armor`, `faction_A`, `faction_H`, `npcflag`, `speed_walk`, `speed_run`, `scale`, `rank`, `mindmg`, `maxdmg`, `dmgschool`, `attackpower`, `dmg_multiplier`, `baseattacktime`, `rangeattacktime`, `unit_class`, `unit_flags`, `dynamicflags`, `family`, `trainer_type`, `trainer_spell`, `trainer_class`, `trainer_race`, `minrangedmg`, `maxrangedmg`, `rangedattackpower`, `type`, `type_flags`, `lootid`, `pickpocketloot`, `skinloot`, `resistance1`, `resistance2`, `resistance3`, `resistance4`, `resistance5`, `resistance6`, `spell1`, `spell2`, `spell3`, `spell4`, `PetSpellDataId`, `mingold`, `maxgold`, `AIName`, `MovementType`, `InhabitType`, `Civilian`, `RacialLeader`, `RegenHealth`, `equipment_id`, `trainer_id`, `vendor_id`, `MechanicImmuneMask`, `SchoolImmuneMask`, `flags_extra`, `aggroRadius`, `ScriptName`) VALUES (1201131, 0, 0, 0, 15750, 0, 0, 0, ' Leggings', 'Nostalgia WoW', 0, 60, 60, 1337, 1337, 420, 420, 3252, 35, 35, 21, 1.26, 1.14286, 2, 1, 110, 142, 0, 272, 1, 2000, 2000, 8, 2, 0, 0, 0, 0, 0, 0, 74.448, 102.366, 100, 7, 0, 0, 0, 0, 0, 0, 0, 0, 0, 0, 0, 0, 0, 0, 0, 0, 0, '', 0, 3, 0, 0, 1, 0, 0, 1200029, 0, 0, 64, 0, '');
DELETE FROM `creature_template` WHERE `entry`=1201132 AND `patch`=0;
INSERT INTO `creature_template` (`entry`, `patch`, `KillCredit1`, `KillCredit2`, `modelid_1`, `modelid_2`, `modelid_3`, `modelid_4`, `name`, `subname`, `gossip_menu_id`, `minlevel`, `maxlevel`, `minhealth`, `maxhealth`, `minmana`, `maxmana`, `armor`, `faction_A`, `faction_H`, `npcflag`, `speed_walk`, `speed_run`, `scale`, `rank`, `mindmg`, `maxdmg`, `dmgschool`, `attackpower`, `dmg_multiplier`, `baseattacktime`, `rangeattacktime`, `unit_class`, `unit_flags`, `dynamicflags`, `family`, `trainer_type`, `trainer_spell`, `trainer_class`, `trainer_race`, `minrangedmg`, `maxrangedmg`, `rangedattackpower`, `type`, `type_flags`, `lootid`, `pickpocketloot`, `skinloot`, `resistance1`, `resistance2`, `resistance3`, `resistance4`, `resistance5`, `resistance6`, `spell1`, `spell2`, `spell3`, `spell4`, `PetSpellDataId`, `mingold`, `maxgold`, `AIName`, `MovementType`, `InhabitType`, `Civilian`, `RacialLeader`, `RegenHealth`, `equipment_id`, `trainer_id`, `vendor_id`, `MechanicImmuneMask`, `SchoolImmuneMask`, `flags_extra`, `aggroRadius`, `ScriptName`) VALUES (1201132, 0, 0, 0, 15750, 0, 0, 0, ' Boots', 'Nostalgia WoW', 0, 60, 60, 1337, 1337, 420, 420, 3252, 35, 35, 21, 1.26, 1.14286, 2, 1, 110, 142, 0, 272, 1, 2000, 2000, 8, 2, 0, 0, 0, 0, 0, 0, 74.448, 102.366, 100, 7, 0, 0, 0, 0, 0, 0, 0, 0, 0, 0, 0, 0, 0, 0, 0, 0, 0, '', 0, 3, 0, 0, 1, 0, 0, 1200029, 0, 0, 64, 0, '');
DELETE FROM `creature_template` WHERE `entry`=1201133 AND `patch`=0;
INSERT INTO `creature_template` (`entry`, `patch`, `KillCredit1`, `KillCredit2`, `modelid_1`, `modelid_2`, `modelid_3`, `modelid_4`, `name`, `subname`, `gossip_menu_id`, `minlevel`, `maxlevel`, `minhealth`, `maxhealth`, `minmana`, `maxmana`, `armor`, `faction_A`, `faction_H`, `npcflag`, `speed_walk`, `speed_run`, `scale`, `rank`, `mindmg`, `maxdmg`, `dmgschool`, `attackpower`, `dmg_multiplier`, `baseattacktime`, `rangeattacktime`, `unit_class`, `unit_flags`, `dynamicflags`, `family`, `trainer_type`, `trainer_spell`, `trainer_class`, `trainer_race`, `minrangedmg`, `maxrangedmg`, `rangedattackpower`, `type`, `type_flags`, `lootid`, `pickpocketloot`, `skinloot`, `resistance1`, `resistance2`, `resistance3`, `resistance4`, `resistance5`, `resistance6`, `spell1`, `spell2`, `spell3`, `spell4`, `PetSpellDataId`, `mingold`, `maxgold`, `AIName`, `MovementType`, `InhabitType`, `Civilian`, `RacialLeader`, `RegenHealth`, `equipment_id`, `trainer_id`, `vendor_id`, `MechanicImmuneMask`, `SchoolImmuneMask`, `flags_extra`, `aggroRadius`, `ScriptName`) VALUES (1201133, 0, 0, 0, 15750, 0, 0, 0, ' Ranged Weapons', 'Nostalgia WoW', 0, 60, 60, 1337, 1337, 420, 420, 3252, 35, 35, 21, 1.26, 1.14286, 2, 1, 110, 142, 0, 272, 1, 2000, 2000, 8, 2, 0, 0, 0, 0, 0, 0, 74.448, 102.366, 100, 7, 0, 0, 0, 0, 0, 0, 0, 0, 0, 0, 0, 0, 0, 0, 0, 0, 0, '', 0, 3, 0, 0, 1, 0, 0, 1200029, 0, 0, 64, 0, '');
DELETE FROM `creature_template` WHERE `entry`=1201134 AND `patch`=0;
INSERT INTO `creature_template` (`entry`, `patch`, `KillCredit1`, `KillCredit2`, `modelid_1`, `modelid_2`, `modelid_3`, `modelid_4`, `name`, `subname`, `gossip_menu_id`, `minlevel`, `maxlevel`, `minhealth`, `maxhealth`, `minmana`, `maxmana`, `armor`, `faction_A`, `faction_H`, `npcflag`, `speed_walk`, `speed_run`, `scale`, `rank`, `mindmg`, `maxdmg`, `dmgschool`, `attackpower`, `dmg_multiplier`, `baseattacktime`, `rangeattacktime`, `unit_class`, `unit_flags`, `dynamicflags`, `family`, `trainer_type`, `trainer_spell`, `trainer_class`, `trainer_race`, `minrangedmg`, `maxrangedmg`, `rangedattackpower`, `type`, `type_flags`, `lootid`, `pickpocketloot`, `skinloot`, `resistance1`, `resistance2`, `resistance3`, `resistance4`, `resistance5`, `resistance6`, `spell1`, `spell2`, `spell3`, `spell4`, `PetSpellDataId`, `mingold`, `maxgold`, `AIName`, `MovementType`, `InhabitType`, `Civilian`, `RacialLeader`, `RegenHealth`, `equipment_id`, `trainer_id`, `vendor_id`, `MechanicImmuneMask`, `SchoolImmuneMask`, `flags_extra`, `aggroRadius`, `ScriptName`) VALUES (1201134, 0, 0, 0, 15750, 0, 0, 0, ' Shields', 'Nostalgia WoW', 0, 60, 60, 1337, 1337, 420, 420, 3252, 35, 35, 21, 1.26, 1.14286, 2, 1, 110, 142, 0, 272, 1, 2000, 2000, 8, 2, 0, 0, 0, 0, 0, 0, 74.448, 102.366, 100, 7, 0, 0, 0, 0, 0, 0, 0, 0, 0, 0, 0, 0, 0, 0, 0, 0, 0, '', 0, 3, 0, 0, 1, 0, 0, 1200029, 0, 0, 64, 0, '');
DELETE FROM `creature_template` WHERE `entry`=1201135 AND `patch`=0;
INSERT INTO `creature_template` (`entry`, `patch`, `KillCredit1`, `KillCredit2`, `modelid_1`, `modelid_2`, `modelid_3`, `modelid_4`, `name`, `subname`, `gossip_menu_id`, `minlevel`, `maxlevel`, `minhealth`, `maxhealth`, `minmana`, `maxmana`, `armor`, `faction_A`, `faction_H`, `npcflag`, `speed_walk`, `speed_run`, `scale`, `rank`, `mindmg`, `maxdmg`, `dmgschool`, `attackpower`, `dmg_multiplier`, `baseattacktime`, `rangeattacktime`, `unit_class`, `unit_flags`, `dynamicflags`, `family`, `trainer_type`, `trainer_spell`, `trainer_class`, `trainer_race`, `minrangedmg`, `maxrangedmg`, `rangedattackpower`, `type`, `type_flags`, `lootid`, `pickpocketloot`, `skinloot`, `resistance1`, `resistance2`, `resistance3`, `resistance4`, `resistance5`, `resistance6`, `spell1`, `spell2`, `spell3`, `spell4`, `PetSpellDataId`, `mingold`, `maxgold`, `AIName`, `MovementType`, `InhabitType`, `Civilian`, `RacialLeader`, `RegenHealth`, `equipment_id`, `trainer_id`, `vendor_id`, `MechanicImmuneMask`, `SchoolImmuneMask`, `flags_extra`, `aggroRadius`, `ScriptName`) VALUES (1201135, 0, 0, 0, 15750, 0, 0, 0, ' One-Handed Weapons', 'Nostalgia WoW', 0, 60, 60, 1337, 1337, 420, 420, 3252, 35, 35, 21, 1.26, 1.14286, 2, 1, 110, 142, 0, 272, 1, 2000, 2000, 8, 2, 0, 0, 0, 0, 0, 0, 74.448, 102.366, 100, 7, 0, 0, 0, 0, 0, 0, 0, 0, 0, 0, 0, 0, 0, 0, 0, 0, 0, '', 0, 3, 0, 0, 1, 0, 0, 1200029, 0, 0, 64, 0, '');
DELETE FROM `creature_template` WHERE `entry`=1201136 AND `patch`=0;
INSERT INTO `creature_template` (`entry`, `patch`, `KillCredit1`, `KillCredit2`, `modelid_1`, `modelid_2`, `modelid_3`, `modelid_4`, `name`, `subname`, `gossip_menu_id`, `minlevel`, `maxlevel`, `minhealth`, `maxhealth`, `minmana`, `maxmana`, `armor`, `faction_A`, `faction_H`, `npcflag`, `speed_walk`, `speed_run`, `scale`, `rank`, `mindmg`, `maxdmg`, `dmgschool`, `attackpower`, `dmg_multiplier`, `baseattacktime`, `rangeattacktime`, `unit_class`, `unit_flags`, `dynamicflags`, `family`, `trainer_type`, `trainer_spell`, `trainer_class`, `trainer_race`, `minrangedmg`, `maxrangedmg`, `rangedattackpower`, `type`, `type_flags`, `lootid`, `pickpocketloot`, `skinloot`, `resistance1`, `resistance2`, `resistance3`, `resistance4`, `resistance5`, `resistance6`, `spell1`, `spell2`, `spell3`, `spell4`, `PetSpellDataId`, `mingold`, `maxgold`, `AIName`, `MovementType`, `InhabitType`, `Civilian`, `RacialLeader`, `RegenHealth`, `equipment_id`, `trainer_id`, `vendor_id`, `MechanicImmuneMask`, `SchoolImmuneMask`, `flags_extra`, `aggroRadius`, `ScriptName`) VALUES (1201136, 0, 0, 0, 15750, 0, 0, 0, ' Offhands', 'Nostalgia WoW', 0, 60, 60, 1337, 1337, 420, 420, 3252, 35, 35, 21, 1.26, 1.14286, 2, 1, 110, 142, 0, 272, 1, 2000, 2000, 8, 2, 0, 0, 0, 0, 0, 0, 74.448, 102.366, 100, 7, 0, 0, 0, 0, 0, 0, 0, 0, 0, 0, 0, 0, 0, 0, 0, 0, 0, '', 0, 3, 0, 0, 1, 0, 0, 1200029, 0, 0, 64, 0, '');
DELETE FROM `creature_template` WHERE `entry`=1201137 AND `patch`=0;
INSERT INTO `creature_template` (`entry`, `patch`, `KillCredit1`, `KillCredit2`, `modelid_1`, `modelid_2`, `modelid_3`, `modelid_4`, `name`, `subname`, `gossip_menu_id`, `minlevel`, `maxlevel`, `minhealth`, `maxhealth`, `minmana`, `maxmana`, `armor`, `faction_A`, `faction_H`, `npcflag`, `speed_walk`, `speed_run`, `scale`, `rank`, `mindmg`, `maxdmg`, `dmgschool`, `attackpower`, `dmg_multiplier`, `baseattacktime`, `rangeattacktime`, `unit_class`, `unit_flags`, `dynamicflags`, `family`, `trainer_type`, `trainer_spell`, `trainer_class`, `trainer_race`, `minrangedmg`, `maxrangedmg`, `rangedattackpower`, `type`, `type_flags`, `lootid`, `pickpocketloot`, `skinloot`, `resistance1`, `resistance2`, `resistance3`, `resistance4`, `resistance5`, `resistance6`, `spell1`, `spell2`, `spell3`, `spell4`, `PetSpellDataId`, `mingold`, `maxgold`, `AIName`, `MovementType`, `InhabitType`, `Civilian`, `RacialLeader`, `RegenHealth`, `equipment_id`, `trainer_id`, `vendor_id`, `MechanicImmuneMask`, `SchoolImmuneMask`, `flags_extra`, `aggroRadius`, `ScriptName`) VALUES (1201137, 0, 0, 0, 15750, 0, 0, 0, ' Two-Handed Weapons', 'Nostalgia WoW', 0, 60, 60, 1337, 1337, 420, 420, 3252, 35, 35, 21, 1.26, 1.14286, 2, 1, 110, 142, 0, 272, 1, 2000, 2000, 8, 2, 0, 0, 0, 0, 0, 0, 74.448, 102.366, 100, 7, 0, 0, 0, 0, 0, 0, 0, 0, 0, 0, 0, 0, 0, 0, 0, 0, 0, '', 0, 3, 0, 0, 1, 0, 0, 1200029, 0, 0, 64, 0, '');
DELETE FROM `creature_template` WHERE `entry`=1201138 AND `patch`=0;
INSERT INTO `creature_template` (`entry`, `patch`, `KillCredit1`, `KillCredit2`, `modelid_1`, `modelid_2`, `modelid_3`, `modelid_4`, `name`, `subname`, `gossip_menu_id`, `minlevel`, `maxlevel`, `minhealth`, `maxhealth`, `minmana`, `maxmana`, `armor`, `faction_A`, `faction_H`, `npcflag`, `speed_walk`, `speed_run`, `scale`, `rank`, `mindmg`, `maxdmg`, `dmgschool`, `attackpower`, `dmg_multiplier`, `baseattacktime`, `rangeattacktime`, `unit_class`, `unit_flags`, `dynamicflags`, `family`, `trainer_type`, `trainer_spell`, `trainer_class`, `trainer_race`, `minrangedmg`, `maxrangedmg`, `rangedattackpower`, `type`, `type_flags`, `lootid`, `pickpocketloot`, `skinloot`, `resistance1`, `resistance2`, `resistance3`, `resistance4`, `resistance5`, `resistance6`, `spell1`, `spell2`, `spell3`, `spell4`, `PetSpellDataId`, `mingold`, `maxgold`, `AIName`, `MovementType`, `InhabitType`, `Civilian`, `RacialLeader`, `RegenHealth`, `equipment_id`, `trainer_id`, `vendor_id`, `MechanicImmuneMask`, `SchoolImmuneMask`, `flags_extra`, `aggroRadius`, `ScriptName`) VALUES (1201138, 0, 0, 0, 15750, 0, 0, 0, ' Main Hand Weapons', 'Nostalgia WoW', 0, 60, 60, 1337, 1337, 420, 420, 3252, 35, 35, 21, 1.26, 1.14286, 2, 1, 110, 142, 0, 272, 1, 2000, 2000, 8, 2, 0, 0, 0, 0, 0, 0, 74.448, 102.366, 100, 7, 0, 0, 0, 0, 0, 0, 0, 0, 0, 0, 0, 0, 0, 0, 0, 0, 0, '', 0, 3, 0, 0, 1, 0, 0, 1200029, 0, 0, 64, 0, '');

INSERT INTO `npc_vendor` (`entry`, `item`, `maxcount`, `incrtime`, `conditionId`)
VALUES
(1201121, 14633, 0, 0, 0),
(1201121, 12557, 0, 0, 0),
(1201121, 13013, 0, 0, 0),
(1201121, 30007, 0, 0, 0),
(1201121, 18699, 0, 0, 0),
(1201121, 15051, 0, 0, 0),
(1201121, 16669, 0, 0, 0),
(1201121, 14548, 0, 0, 0),
(1201121, 16689, 0, 0, 0),
(1201121, 12927, 0, 0, 0),
(1201121, 13185, 0, 0, 0),
(1201121, 16733, 0, 0, 0),
(1201121, 13374, 0, 0, 0),
(1201121, 14503, 0, 0, 0),
(1201121, 13066, 0, 0, 0),
(1201121, 11624, 0, 0, 0),
(1201121, 13257, 0, 0, 0),
(1201121, 16695, 0, 0, 0),
(1201121, 12625, 0, 0, 0),
(1201121, 13116, 0, 0, 0),
(1201121, 12588, 0, 0, 0),
(1201121, 11722, 0, 0, 0),
(1201121, 22212, 0, 0, 0),
(1201121, 18493, 0, 0, 0),
(1201121, 30019, 0, 0, 0),
(1201121, 11842, 0, 0, 0),
(1201121, 15049, 0, 0, 0),
(1201121, 11782, 0, 0, 0),
(1201121, 16707, 0, 0, 0),
(1201121, 22241, 0, 0, 0),
(1201121, 15067, 0, 0, 0),
(1201121, 22234, 0, 0, 0),
(1201121, 14139, 0, 0, 0),
(1201121, 13955, 0, 0, 0),
(1201121, 30045, 0, 0, 0),
(1201121, 22412, 0, 0, 0),
(1201121, 19111, 0, 0, 0),
(1201121, 22405, 0, 0, 0),
(1201121, 18686, 0, 0, 0),
(1201121, 13133, 0, 0, 0),
(1201121, 13358, 0, 0, 0),
(1201121, 13166, 0, 0, 0),
(1201121, 16729, 0, 0, 0),
(1201121, 18681, 0, 0, 0),
(1201121, 18494, 0, 0, 0),
(1201121, 18374, 0, 0, 0),
(1201121, 18720, 0, 0, 0),
(1201121, 10783, 0, 0, 0),
(1201121, 14538, 0, 0, 0),
(1201121, 18757, 0, 0, 0),
(1201121, 18528, 0, 0, 0),
(1201121, 16701, 0, 0, 0),
(1201121, 18742, 0, 0, 0),
(1201121, 11685, 0, 0, 0),
(1201121, 16718, 0, 0, 0),
(1201121, 18384, 0, 0, 0),
(1201121, 13405, 0, 0, 0),
(1201121, 17732, 0, 0, 0),
(1201121, 16679, 0, 0, 0),
(1201121, 15058, 0, 0, 0),
(1201121, 15061, 0, 0, 0),
(1201122, 16721, 0, 0, 0),
(1201122, 14637, 0, 0, 0),
(1201122, 23089, 0, 0, 0),
(1201122, 20478, 0, 0, 0),
(1201122, 20550, 0, 0, 0),
(1201122, 11924, 0, 0, 0),
(1201122, 18486, 0, 0, 0),
(1201122, 11747, 0, 0, 0),
(1201122, 14340, 0, 0, 0),
(1201122, 14136, 0, 0, 0),
(1201122, 17050, 0, 0, 0),
(1201122, 11820, 0, 0, 0),
(1201122, 16688, 0, 0, 0),
(1201122, 13123, 0, 0, 0),
(1201122, 14626, 0, 0, 0),
(1201122, 17741, 0, 0, 0),
(1201122, 13346, 0, 0, 0),
(1201122, 12542, 0, 0, 0),
(1201122, 16690, 0, 0, 0),
(1201122, 12609, 0, 0, 0),
(1201122, 23085, 0, 0, 0),
(1201122, 18532, 0, 0, 0),
(1201122, 16674, 0, 0, 0),
(1201122, 11633, 0, 0, 0),
(1201122, 10784, 0, 0, 0),
(1201122, 8349, 0, 0, 0),
(1201122, 12603, 0, 0, 0),
(1201122, 16700, 0, 0, 0),
(1201122, 8367, 0, 0, 0),
(1201122, 12793, 0, 0, 0),
(1201122, 13944, 0, 0, 0),
(1201122, 15048, 0, 0, 0),
(1201122, 12624, 0, 0, 0),
(1201122, 10806, 0, 0, 0),
(1201122, 14611, 0, 0, 0),
(1201122, 15066, 0, 0, 0),
(1201122, 16706, 0, 0, 0),
(1201122, 13378, 0, 0, 0),
(1201122, 11678, 0, 0, 0),
(1201122, 13067, 0, 0, 0),
(1201122, 13009, 0, 0, 0),
(1201122, 12618, 0, 0, 0),
(1201122, 15059, 0, 0, 0),
(1201122, 17742, 0, 0, 0),
(1201122, 13394, 0, 0, 0),
(1201122, 14536, 0, 0, 0),
(1201122, 15056, 0, 0, 0),
(1201122, 11604, 0, 0, 0),
(1201122, 12628, 0, 0, 0),
(1201122, 11926, 0, 0, 0),
(1201122, 18530, 0, 0, 0),
(1201122, 10845, 0, 0, 0),
(1201122, 15045, 0, 0, 0),
(1201122, 16730, 0, 0, 0),
(1201122, 23087, 0, 0, 0),
(1201122, 13168, 0, 0, 0),
(1201122, 22409, 0, 0, 0),
(1201122, 13388, 0, 0, 0),
(1201122, 15050, 0, 0, 0),
(1201122, 18373, 0, 0, 0),
(1201122, 16666, 0, 0, 0),
(1201122, 18503, 0, 0, 0),
(1201122, 15064, 0, 0, 0),
(1201122, 23088, 0, 0, 0),
(1201122, 15047, 0, 0, 0),
(1201122, 20479, 0, 0, 0),
(1201122, 14138, 0, 0, 0),
(1201122, 16726, 0, 0, 0),
(1201122, 18312, 0, 0, 0),
(1201122, 14624, 0, 0, 0),
(1201123, 10798, 0, 0, 0),
(1201123, 11703, 0, 0, 0),
(1201123, 13144, 0, 0, 0),
(1201123, 11686, 0, 0, 0),
(1201123, 13502, 0, 0, 0),
(1201123, 22232, 0, 0, 0),
(1201123, 22325, 0, 0, 0),
(1201123, 12589, 0, 0, 0),
(1201123, 16723, 0, 0, 0),
(1201123, 22242, 0, 0, 0),
(1201123, 14614, 0, 0, 0),
(1201123, 18702, 0, 0, 0),
(1201123, 13142, 0, 0, 0),
(1201123, 18505, 0, 0, 0),
(1201123, 12634, 0, 0, 0),
(1201123, 18740, 0, 0, 0),
(1201123, 18391, 0, 0, 0),
(1201123, 11662, 0, 0, 0),
(1201123, 18721, 0, 0, 0),
(1201123, 13387, 0, 0, 0),
(1201123, 13956, 0, 0, 0),
(1201123, 11783, 0, 0, 0),
(1201123, 14502, 0, 0, 0),
(1201123, 13252, 0, 0, 0),
(1201123, 16702, 0, 0, 0),
(1201123, 16716, 0, 0, 0),
(1201123, 16685, 0, 0, 0),
(1201123, 16696, 0, 0, 0),
(1201123, 13403, 0, 0, 0),
(1201123, 16713, 0, 0, 0),
(1201123, 16673, 0, 0, 0),
(1201123, 23126, 0, 0, 0),
(1201123, 14620, 0, 0, 0),
(1201123, 18327, 0, 0, 0),
(1201123, 13118, 0, 0, 0),
(1201123, 16736, 0, 0, 0),
(1201123, 13950, 0, 0, 0),
(1201123, 14636, 0, 0, 0),
(1201123, 16680, 0, 0, 0),
(1201123, 13384, 0, 0, 0),
(1201123, 11807, 0, 0, 0),
(1201123, 19047, 0, 0, 0),
(1201123, 18504, 0, 0, 0),
(1201123, 18676, 0, 0, 0),
(1201123, 22207, 0, 0, 0),
(1201123, 19051, 0, 0, 0),
(1201123, 18529, 0, 0, 0),
(1201123, 19043, 0, 0, 0),
(1201123, 13077, 0, 0, 0),
(1201123, 17755, 0, 0, 0),
(1201123, 20539, 0, 0, 0),
(1201123, 18104, 0, 0, 0),
(1201123, 19044, 0, 0, 0),
(1201123, 12606, 0, 0, 0),
(1201123, 12466, 0, 0, 0),
(1201123, 18393, 0, 0, 0),
(1201124, 17739, 0, 0, 0),
(1201124, 22337, 0, 0, 0),
(1201124, 18496, 0, 0, 0),
(1201124, 18328, 0, 0, 0),
(1201124, 13397, 0, 0, 0),
(1201124, 18734, 0, 0, 0),
(1201124, 18382, 0, 0, 0),
(1201124, 18413, 0, 0, 0),
(1201124, 18389, 0, 0, 0),
(1201124, 17061, 0, 0, 0),
(1201124, 18743, 0, 0, 0),
(1201124, 13376, 0, 0, 0),
(1201124, 12905, 0, 0, 0),
(1201124, 13386, 0, 0, 0),
(1201124, 22330, 0, 0, 0),
(1201124, 18689, 0, 0, 0),
(1201124, 15138, 0, 0, 0),
(1201124, 13340, 0, 0, 0),
(1201124, 18495, 0, 0, 0),
(1201124, 13007, 0, 0, 0),
(1201124, 23127, 0, 0, 0),
(1201124, 20697, 0, 0, 0),
(1201124, 11626, 0, 0, 0),
(1201124, 11677, 0, 0, 0),
(1201124, 11930, 0, 0, 0),
(1201124, 11812, 0, 0, 0),
(1201124, 12465, 0, 0, 0),
(1201124, 11623, 0, 0, 0),
(1201124, 10843, 0, 0, 0),
(1201124, 22269, 0, 0, 0),
(1201125, 11934, 0, 0, 0),
(1201125, 18315, 0, 0, 0),
(1201125, 862, 0, 0, 0),
(1201125, 10795, 0, 0, 0),
(1201125, 13283, 0, 0, 0),
(1201125, 13178, 0, 0, 0),
(1201125, 13001, 0, 0, 0),
(1201125, 11824, 0, 0, 0),
(1201125, 13373, 0, 0, 0),
(1201125, 17713, 0, 0, 0),
(1201125, 13345, 0, 0, 0),
(1201125, 13096, 0, 0, 0),
(1201125, 18103, 0, 0, 0),
(1201125, 12926, 0, 0, 0),
(1201125, 5266, 0, 0, 0),
(1201125, 13098, 0, 0, 0),
(1201125, 18522, 0, 0, 0),
(1201125, 13392, 0, 0, 0),
(1201125, 22331, 0, 0, 0),
(1201125, 18314, 0, 0, 0),
(1201125, 22257, 0, 0, 0),
(1201125, 18684, 0, 0, 0),
(1201125, 11669, 0, 0, 0),
(1201125, 22334, 0, 0, 0),
(1201125, 22326, 0, 0, 0),
(1201125, 22255, 0, 0, 0),
(1201125, 18760, 0, 0, 0),
(1201125, 18500, 0, 0, 0),
(1201125, 19302, 0, 0, 0),
(1201125, 18395, 0, 0, 0),
(1201125, 18701, 0, 0, 0),
(1201125, 19109, 0, 0, 0),
(1201125, 22433, 0, 0, 0),
(1201125, 22339, 0, 0, 0),
(1201126, 10829, 0, 0, 0),
(1201126, 11933, 0, 0, 0),
(1201126, 18381, 0, 0, 0),
(1201126, 12103, 0, 0, 0),
(1201126, 18340, 0, 0, 0),
(1201126, 12929, 0, 0, 0),
(1201126, 11755, 0, 0, 0),
(1201126, 23125, 0, 0, 0),
(1201126, 19303, 0, 0, 0),
(1201126, 22340, 0, 0, 0),
(1201126, 18691, 0, 0, 0),
(1201126, 13002, 0, 0, 0),
(1201126, 13091, 0, 0, 0),
(1201126, 13141, 0, 0, 0),
(1201126, 13960, 0, 0, 0),
(1201126, 18723, 0, 0, 0),
(1201126, 22403, 0, 0, 0),
(1201126, 18289, 0, 0, 0),
(1201126, 13212, 0, 0, 0),
(1201126, 13177, 0, 0, 0),
(1201126, 18728, 0, 0, 0),
(1201126, 18678, 0, 0, 0),
(1201126, 20695, 0, 0, 0),
(1201126, 18317, 0, 0, 0),
(1201126, 18397, 0, 0, 0),
(1201127, 13179, 0, 0, 0),
(1201127, 11764, 0, 0, 0),
(1201127, 13107, 0, 0, 0),
(1201127, 12626, 0, 0, 0),
(1201127, 11766, 0, 0, 0),
(1201127, 10800, 0, 0, 0),
(1201127, 11767, 0, 0, 0),
(1201127, 12936, 0, 0, 0),
(1201127, 11679, 0, 0, 0),
(1201127, 12550, 0, 0, 0),
(1201127, 18508, 0, 0, 0),
(1201127, 11765, 0, 0, 0),
(1201127, 16681, 0, 0, 0),
(1201127, 17714, 0, 0, 0),
(1201127, 18533, 0, 0, 0),
(1201127, 12546, 0, 0, 0),
(1201127, 17746, 0, 0, 0),
(1201127, 18296, 0, 0, 0),
(1201127, 18497, 0, 0, 0),
(1201127, 12966, 0, 0, 0),
(1201127, 13120, 0, 0, 0),
(1201127, 13969, 0, 0, 0),
(1201127, 18700, 0, 0, 0),
(1201127, 13135, 0, 0, 0),
(1201127, 13208, 0, 0, 0),
(1201127, 23093, 0, 0, 0),
(1201127, 13400, 0, 0, 0),
(1201127, 18375, 0, 0, 0),
(1201127, 18394, 0, 0, 0),
(1201127, 13409, 0, 0, 0),
(1201127, 18741, 0, 0, 0),
(1201127, 19112, 0, 0, 0),
(1201127, 16683, 0, 0, 0),
(1201127, 18525, 0, 0, 0),
(1201127, 18712, 0, 0, 0),
(1201127, 18711, 0, 0, 0),
(1201127, 16714, 0, 0, 0),
(1201127, 18726, 0, 0, 0),
(1201127, 18709, 0, 0, 0),
(1201127, 13211, 0, 0, 0),
(1201127, 20481, 0, 0, 0),
(1201127, 16722, 0, 0, 0),
(1201127, 16710, 0, 0, 0),
(1201127, 16735, 0, 0, 0),
(1201127, 16703, 0, 0, 0),
(1201127, 23129, 0, 0, 0),
(1201127, 16697, 0, 0, 0),
(1201127, 14629, 0, 0, 0),
(1201127, 16671, 0, 0, 0),
(1201127, 22204, 0, 0, 0),
(1201127, 23092, 0, 0, 0),
(1201127, 18754, 0, 0, 0),
(1201127, 19113, 0, 0, 0),
(1201127, 23090, 0, 0, 0),
(1201127, 13951, 0, 0, 0),
(1201127, 20476, 0, 0, 0),
(1201127, 22205, 0, 0, 0),
(1201128, 13965, 0, 0, 0),
(1201128, 1973, 0, 0, 0),
(1201128, 7734, 0, 0, 0),
(1201128, 13213, 0, 0, 0),
(1201128, 12930, 0, 0, 0),
(1201128, 18537, 0, 0, 0),
(1201128, 18370, 0, 0, 0),
(1201128, 11810, 0, 0, 0),
(1201128, 11811, 0, 0, 0),
(1201128, 13382, 0, 0, 0),
(1201128, 18371, 0, 0, 0),
(1201128, 13515, 0, 0, 0),
(1201128, 18634, 0, 0, 0),
(1201128, 17744, 0, 0, 0),
(1201128, 1302, 0, 0, 0),
(1201128, 18639, 0, 0, 0),
(1201128, 11819, 0, 0, 0),
(1201128, 11832, 0, 0, 0),
(1201128, 13966, 0, 0, 0),
(1201128, 13379, 0, 0, 0),
(1201128, 18638, 0, 0, 0),
(1201128, 11815, 0, 0, 0),
(1201129, 13162, 0, 0, 0),
(1201129, 13344, 0, 0, 0),
(1201129, 13395, 0, 0, 0),
(1201129, 16672, 0, 0, 0),
(1201129, 14622, 0, 0, 0),
(1201129, 16676, 0, 0, 0),
(1201129, 14543, 0, 0, 0),
(1201129, 13244, 0, 0, 0),
(1201129, 12631, 0, 0, 0),
(1201129, 11730, 0, 0, 0),
(1201129, 11634, 0, 0, 0),
(1201129, 14615, 0, 0, 0),
(1201129, 23084, 0, 0, 0),
(1201129, 12632, 0, 0, 0),
(1201129, 12464, 0, 0, 0),
(1201129, 13258, 0, 0, 0),
(1201129, 13072, 0, 0, 0),
(1201129, 11665, 0, 0, 0),
(1201129, 10787, 0, 0, 0),
(1201129, 12547, 0, 0, 0),
(1201129, 2564, 0, 0, 0),
(1201129, 15063, 0, 0, 0),
(1201129, 14640, 0, 0, 0),
(1201129, 10808, 0, 0, 0),
(1201129, 12637, 0, 0, 0),
(1201129, 13181, 0, 0, 0),
(1201129, 13957, 0, 0, 0),
(1201129, 11745, 0, 0, 0),
(1201129, 16705, 0, 0, 0),
(1201129, 13255, 0, 0, 0),
(1201129, 13184, 0, 0, 0),
(1201129, 16692, 0, 0, 0),
(1201129, 13253, 0, 0, 0),
(1201129, 16684, 0, 0, 0),
(1201129, 12554, 0, 0, 0),
(1201129, 14525, 0, 0, 0),
(1201129, 11814, 0, 0, 0),
(1201129, 13126, 0, 0, 0),
(1201129, 21278, 0, 0, 0),
(1201130, 13359, 0, 0, 0),
(1201130, 11839, 0, 0, 0),
(1201130, 11729, 0, 0, 0),
(1201130, 11746, 0, 0, 0),
(1201130, 10833, 0, 0, 0),
(1201130, 12620, 0, 0, 0),
(1201130, 16667, 0, 0, 0),
(1201130, 14140, 0, 0, 0),
(1201130, 16731, 0, 0, 0),
(1201130, 12952, 0, 0, 0),
(1201130, 16693, 0, 0, 0),
(1201130, 16707, 0, 0, 0),
(1201130, 12549, 0, 0, 0),
(1201130, 16698, 0, 0, 0),
(1201130, 13113, 0, 0, 0),
(1201130, 13404, 0, 0, 0),
(1201130, 16727, 0, 0, 0),
(1201130, 12953, 0, 0, 0),
(1201130, 12636, 0, 0, 0),
(1201130, 10041, 0, 0, 0),
(1201130, 13073, 0, 0, 0),
(1201130, 18718, 0, 0, 0),
(1201130, 10630, 0, 0, 0),
(1201130, 12633, 0, 0, 0),
(1201130, 16677, 0, 0, 0),
(1201130, 13390, 0, 0, 0),
(1201130, 18727, 0, 0, 0),
(1201130, 9479, 0, 0, 0),
(1201130, 12960, 0, 0, 0),
(1201130, 14539, 0, 0, 0),
(1201130, 12587, 0, 0, 0),
(1201130, 17734, 0, 0, 0),
(1201130, 12604, 0, 0, 0),
(1201130, 18325, 0, 0, 0),
(1201130, 17715, 0, 0, 0),
(1201130, 11735, 0, 0, 0),
(1201130, 16686, 0, 0, 0),
(1201130, 18313, 0, 0, 0),
(1201130, 16720, 0, 0, 0),
(1201130, 11925, 0, 0, 0),
(1201130, 22407, 0, 0, 0),
(1201130, 22411, 0, 0, 0),
(1201130, 18319, 0, 0, 0),
(1201130, 19105, 0, 0, 0),
(1201130, 17740, 0, 0, 0),
(1201130, 17767, 0, 0, 0),
(1201130, 22225, 0, 0, 0),
(1201130, 18490, 0, 0, 0),
(1201130, 22223, 0, 0, 0),
(1201130, 18698, 0, 0, 0),
(1201130, 18526, 0, 0, 0),
(1201130, 22267, 0, 0, 0),
(1201130, 20551, 0, 0, 0),
(1201131, 15046, 0, 0, 0),
(1201131, 14612, 0, 0, 0),
(1201131, 10842, 0, 0, 0),
(1201131, 11728, 0, 0, 0),
(1201131, 16709, 0, 0, 0),
(1201131, 10807, 0, 0, 0),
(1201131, 18378, 0, 0, 0),
(1201131, 17754, 0, 0, 0),
(1201131, 22428, 0, 0, 0),
(1201131, 15062, 0, 0, 0),
(1201131, 18682, 0, 0, 0),
(1201131, 20674, 0, 0, 0),
(1201131, 20538, 0, 0, 0),
(1201131, 16668, 0, 0, 0),
(1201131, 20295, 0, 0, 0),
(1201131, 16687, 0, 0, 0),
(1201131, 18298, 0, 0, 0),
(1201131, 16728, 0, 0, 0),
(1201131, 16732, 0, 0, 0),
(1201131, 18386, 0, 0, 0),
(1201131, 16678, 0, 0, 0),
(1201131, 18690, 0, 0, 0),
(1201131, 18739, 0, 0, 0),
(1201131, 20665, 0, 0, 0),
(1201131, 18390, 0, 0, 0),
(1201131, 18524, 0, 0, 0),
(1201131, 20671, 0, 0, 0),
(1201131, 20668, 0, 0, 0),
(1201131, 16694, 0, 0, 0),
(1201131, 17711, 0, 0, 0),
(1201131, 22342, 0, 0, 0),
(1201131, 15065, 0, 0, 0),
(1201131, 11929, 0, 0, 0),
(1201131, 18736, 0, 0, 0),
(1201131, 11802, 0, 0, 0),
(1201131, 12963, 0, 0, 0),
(1201131, 14137, 0, 0, 0),
(1201131, 14632, 0, 0, 0),
(1201131, 13130, 0, 0, 0),
(1201131, 11927, 0, 0, 0),
(1201131, 18745, 0, 0, 0),
(1201131, 14545, 0, 0, 0),
(1201131, 13075, 0, 0, 0),
(1201131, 16719, 0, 0, 0),
(1201131, 12935, 0, 0, 0),
(1201131, 22271, 0, 0, 0),
(1201131, 14577, 0, 0, 0),
(1201131, 12965, 0, 0, 0),
(1201131, 14523, 0, 0, 0),
(1201131, 12964, 0, 0, 0),
(1201131, 13498, 0, 0, 0),
(1201131, 13170, 0, 0, 0),
(1201131, 13389, 0, 0, 0),
(1201131, 13206, 0, 0, 0),
(1201131, 10633, 0, 0, 0),
(1201131, 13383, 0, 0, 0),
(1201131, 9402, 0, 0, 0),
(1201131, 13169, 0, 0, 0),
(1201131, 14522, 0, 0, 0),
(1201131, 11823, 0, 0, 0),
(1201131, 14638, 0, 0, 0),
(1201131, 13008, 0, 0, 0),
(1201131, 15052, 0, 0, 0),
(1201131, 11821, 0, 0, 0),
(1201131, 15057, 0, 0, 0),
(1201131, 11749, 0, 0, 0),
(1201131, 18380, 0, 0, 0),
(1201131, 15060, 0, 0, 0),
(1201131, 12619, 0, 0, 0),
(1201131, 11841, 0, 0, 0),
(1201131, 16699, 0, 0, 0),
(1201132, 13111, 0, 0, 0),
(1201132, 11822, 0, 0, 0),
(1201132, 12556, 0, 0, 0),
(1201132, 13070, 0, 0, 0),
(1201132, 12553, 0, 0, 0),
(1201132, 13282, 0, 0, 0),
(1201132, 12555, 0, 0, 0),
(1201132, 13125, 0, 0, 0),
(1201132, 13398, 0, 0, 0),
(1201132, 10801, 0, 0, 0),
(1201132, 11787, 0, 0, 0),
(1201132, 13954, 0, 0, 0),
(1201132, 14631, 0, 0, 0),
(1201132, 11675, 0, 0, 0),
(1201132, 13369, 0, 0, 0),
(1201132, 13381, 0, 0, 0),
(1201132, 11731, 0, 0, 0),
(1201132, 15802, 0, 0, 0),
(1201132, 13260, 0, 0, 0),
(1201132, 10846, 0, 0, 0),
(1201132, 13402, 0, 0, 0),
(1201132, 13284, 0, 0, 0),
(1201132, 13210, 0, 0, 0),
(1201132, 13967, 0, 0, 0),
(1201132, 16670, 0, 0, 0),
(1201132, 14641, 0, 0, 0),
(1201132, 14616, 0, 0, 0),
(1201132, 13101, 0, 0, 0),
(1201132, 10629, 0, 0, 0),
(1201132, 11627, 0, 0, 0),
(1201132, 16682, 0, 0, 0),
(1201132, 14537, 0, 0, 0),
(1201132, 16675, 0, 0, 0),
(1201132, 13391, 0, 0, 0),
(1201132, 14621, 0, 0, 0),
(1201132, 13259, 0, 0, 0),
(1201133, 18338, 0, 0, 0),
(1201133, 12605, 0, 0, 0),
(1201133, 18323, 0, 0, 0),
(1201133, 11630, 0, 0, 0),
(1201133, 13396, 0, 0, 0),
(1201133, 17717, 0, 0, 0),
(1201133, 13534, 0, 0, 0),
(1201133, 11629, 0, 0, 0),
(1201133, 13248, 0, 0, 0),
(1201133, 12651, 0, 0, 0),
(1201133, 11628, 0, 0, 0),
(1201133, 22345, 0, 0, 0),
(1201133, 16004, 0, 0, 0),
(1201133, 18761, 0, 0, 0),
(1201133, 10836, 0, 0, 0),
(1201133, 12654, 0, 0, 0),
(1201133, 13173, 0, 0, 0),
(1201133, 12653, 0, 0, 0),
(1201133, 20672, 0, 0, 0),
(1201133, 13146, 0, 0, 0),
(1201133, 18483, 0, 0, 0),
(1201133, 20663, 0, 0, 0),
(1201133, 16007, 0, 0, 0),
(1201133, 18388, 0, 0, 0),
(1201133, 13377, 0, 0, 0),
(1201133, 22408, 0, 0, 0),
(1201133, 13040, 0, 0, 0),
(1201133, 18680, 0, 0, 0),
(1201133, 13004, 0, 0, 0),
(1201133, 11748, 0, 0, 0),
(1201133, 18729, 0, 0, 0),
(1201133, 22400, 0, 0, 0),
(1201133, 17745, 0, 0, 0),
(1201133, 22401, 0, 0, 0),
(1201133, 22398, 0, 0, 0),
(1201133, 13022, 0, 0, 0),
(1201133, 13065, 0, 0, 0),
(1201133, 13938, 0, 0, 0),
(1201133, 13023, 0, 0, 0),
(1201133, 13380, 0, 0, 0),
(1201133, 22395, 0, 0, 0),
(1201133, 22318, 0, 0, 0),
(1201133, 22397, 0, 0, 0),
(1201133, 13139, 0, 0, 0),
(1201133, 22254, 0, 0, 0),
(1201133, 18755, 0, 0, 0),
(1201133, 18738, 0, 0, 0),
(1201134, 14628, 0, 0, 0),
(1201134, 17718, 0, 0, 0),
(1201134, 18673, 0, 0, 0),
(1201134, 18485, 0, 0, 0),
(1201134, 23139, 0, 0, 0),
(1201134, 13205, 0, 0, 0),
(1201134, 18499, 0, 0, 0),
(1201134, 13529, 0, 0, 0),
(1201134, 12602, 0, 0, 0),
(1201134, 10835, 0, 0, 0),
(1201134, 13083, 0, 0, 0),
(1201134, 1203, 0, 0, 0),
(1201134, 11785, 0, 0, 0),
(1201134, 18756, 0, 0, 0),
(1201134, 22336, 0, 0, 0),
(1201134, 13375, 0, 0, 0),
(1201134, 11631, 0, 0, 0),
(1201135, 11635, 0, 0, 0),
(1201135, 6660, 0, 0, 0),
(1201135, 10797, 0, 0, 0),
(1201135, 12582, 0, 0, 0),
(1201135, 8190, 0, 0, 0),
(1201135, 12777, 0, 0, 0),
(1201135, 10828, 0, 0, 0),
(1201135, 13036, 0, 0, 0),
(1201135, 13204, 0, 0, 0),
(1201135, 14487, 0, 0, 0),
(1201135, 13015, 0, 0, 0),
(1201135, 13182, 0, 0, 0),
(1201135, 13218, 0, 0, 0),
(1201135, 13368, 0, 0, 0),
(1201135, 13361, 0, 0, 0),
(1201135, 13964, 0, 0, 0),
(1201135, 13286, 0, 0, 0),
(1201135, 17055, 0, 0, 0),
(1201135, 13183, 0, 0, 0),
(1201135, 18310, 0, 0, 0),
(1201135, 20657, 0, 0, 0),
(1201135, 14024, 0, 0, 0),
(1201135, 12535, 0, 0, 0),
(1201135, 20666, 0, 0, 0),
(1201135, 17752, 0, 0, 0),
(1201135, 24222, 0, 0, 0),
(1201135, 13360, 0, 0, 0),
(1201135, 17054, 0, 0, 0),
(1201135, 13401, 0, 0, 0),
(1201135, 12783, 0, 0, 0),
(1201135, 22266, 0, 0, 0),
(1201135, 18484, 0, 0, 0),
(1201135, 17719, 0, 0, 0),
(1201135, 19110, 0, 0, 0),
(1201135, 22317, 0, 0, 0),
(1201135, 18376, 0, 0, 0),
(1201135, 23132, 0, 0, 0),
(1201135, 20675, 0, 0, 0),
(1201135, 18683, 0, 0, 0),
(1201135, 22322, 0, 0, 0),
(1201135, 18498, 0, 0, 0),
(1201135, 13198, 0, 0, 0),
(1201135, 13014, 0, 0, 0),
(1201135, 11744, 0, 0, 0),
(1201135, 12531, 0, 0, 0),
(1201135, 18737, 0, 0, 0),
(1201135, 12774, 0, 0, 0),
(1201135, 18758, 0, 0, 0),
(1201136, 13399, 0, 0, 0),
(1201136, 12939, 0, 0, 0),
(1201136, 13524, 0, 0, 0),
(1201136, 4696, 0, 0, 0),
(1201136, 17737, 0, 0, 0),
(1201136, 18392, 0, 0, 0),
(1201136, 18695, 0, 0, 0),
(1201136, 18523, 0, 0, 0),
(1201136, 10796, 0, 0, 0),
(1201136, 11935, 0, 0, 0),
(1201136, 11928, 0, 0, 0),
(1201136, 22319, 0, 0, 0),
(1201136, 22253, 0, 0, 0),
(1201136, 13261, 0, 0, 0),
(1201136, 23156, 0, 0, 0),
(1201136, 13030, 0, 0, 0),
(1201136, 22329, 0, 0, 0),
(1201136, 17738, 0, 0, 0),
(1201137, 20669, 0, 0, 0),
(1201137, 22394, 0, 0, 0),
(1201137, 23124, 0, 0, 0),
(1201137, 22406, 0, 0, 0),
(1201137, 22314, 0, 0, 0),
(1201137, 13044, 0, 0, 0),
(1201137, 12969, 0, 0, 0),
(1201137, 7960, 0, 0, 0),
(1201137, 22208, 0, 0, 0),
(1201137, 12782, 0, 0, 0),
(1201137, 11608, 0, 0, 0),
(1201137, 18759, 0, 0, 0),
(1201137, 18725, 0, 0, 0),
(1201137, 13059, 0, 0, 0),
(1201137, 10626, 0, 0, 0),
(1201137, 11607, 0, 0, 0),
(1201137, 13047, 0, 0, 0),
(1201137, 13046, 0, 0, 0),
(1201137, 18520, 0, 0, 0),
(1201137, 11809, 0, 0, 0),
(1201137, 13053, 0, 0, 0),
(1201137, 12790, 0, 0, 0),
(1201137, 11786, 0, 0, 0),
(1201137, 12463, 0, 0, 0),
(1201137, 12784, 0, 0, 0),
(1201137, 18324, 0, 0, 0),
(1201137, 11921, 0, 0, 0),
(1201137, 11931, 0, 0, 0),
(1201137, 18431, 0, 0, 0),
(1201137, 11750, 0, 0, 0),
(1201137, 13052, 0, 0, 0),
(1201137, 11932, 0, 0, 0),
(1201137, 12796, 0, 0, 0),
(1201137, 13060, 0, 0, 0),
(1201137, 13983, 0, 0, 0),
(1201137, 13056, 0, 0, 0),
(1201137, 13163, 0, 0, 0),
(1201137, 13393, 0, 0, 0),
(1201137, 18311, 0, 0, 0),
(1201137, 17730, 0, 0, 0),
(1201137, 13003, 0, 0, 0),
(1201137, 18717, 0, 0, 0),
(1201137, 12532, 0, 0, 0),
(1201137, 14531, 0, 0, 0),
(1201137, 12776, 0, 0, 0),
(1201137, 17766, 0, 0, 0),
(1201137, 12400, 0, 0, 0),
(1201138, 6622, 0, 0, 0),
(1201138, 12527, 0, 0, 0),
(1201138, 12940, 0, 0, 0),
(1201138, 11923, 0, 0, 0),
(1201138, 13953, 0, 0, 0),
(1201138, 18372, 0, 0, 0),
(1201138, 17710, 0, 0, 0),
(1201138, 22332, 0, 0, 0),
(1201138, 12709, 0, 0, 0),
(1201138, 12794, 0, 0, 0),
(1201138, 12791, 0, 0, 0),
(1201138, 11702, 0, 0, 0),
(1201138, 12781, 0, 0, 0),
(1201138, 11784, 0, 0, 0),
(1201138, 10838, 0, 0, 0),
(1201138, 10837, 0, 0, 0),
(1201138, 11817, 0, 0, 0),
(1201138, 9478, 0, 0, 0),
(1201138, 11805, 0, 0, 0),
(1201138, 22315, 0, 0, 0),
(1201138, 11603, 0, 0, 0),
(1201138, 13028, 0, 0, 0),
(1201138, 13349, 0, 0, 0),
(1201138, 12621, 0, 0, 0),
(1201138, 22404, 0, 0, 0),
(1201138, 13006, 0, 0, 0),
(1201138, 13027, 0, 0, 0),
(1201138, 13408, 0, 0, 0),
(1201138, 18044, 0, 0, 0),
(1201138, 30025, 0, 0, 0),
(1201138, 18321, 0, 0, 0),
(1201138, 12798, 0, 0, 0),
(1201138, 18048, 0, 0, 0),
(1201138, 13952, 0, 0, 0),
(1201138, 18671, 0, 0, 0),
(1201138, 18396, 0, 0, 0),
(1201138, 11920, 0, 0, 0),
(1201138, 1721, 0, 0, 0),
(1201138, 12797, 0, 0, 0);

-- Tier 0.5 Box Templates
DELETE FROM `item_template` WHERE `entry`=6001107 AND `patch`=0;
INSERT INTO `item_template` (`entry`, `patch`, `class`, `subclass`, `name`, `displayid`, `Quality`, `Flags`, `BuyCount`, `BuyPrice`, `SellPrice`, `InventoryType`, `AllowableClass`, `AllowableRace`, `ItemLevel`, `RequiredLevel`, `RequiredSkill`, `RequiredSkillRank`, `requiredspell`, `requiredhonorrank`, `RequiredCityRank`, `RequiredReputationFaction`, `RequiredReputationRank`, `maxcount`, `stackable`, `ContainerSlots`, `stat_type1`, `stat_value1`, `stat_type2`, `stat_value2`, `stat_type3`, `stat_value3`, `stat_type4`, `stat_value4`, `stat_type5`, `stat_value5`, `stat_type6`, `stat_value6`, `stat_type7`, `stat_value7`, `stat_type8`, `stat_value8`, `stat_type9`, `stat_value9`, `stat_type10`, `stat_value10`, `dmg_min1`, `dmg_max1`, `dmg_type1`, `dmg_min2`, `dmg_max2`, `dmg_type2`, `dmg_min3`, `dmg_max3`, `dmg_type3`, `dmg_min4`, `dmg_max4`, `dmg_type4`, `dmg_min5`, `dmg_max5`, `dmg_type5`, `armor`, `holy_res`, `fire_res`, `nature_res`, `frost_res`, `shadow_res`, `arcane_res`, `delay`, `ammo_type`, `RangedModRange`, `spellid_1`, `spelltrigger_1`, `spellcharges_1`, `spellppmRate_1`, `spellcooldown_1`, `spellcategory_1`, `spellcategorycooldown_1`, `spellid_2`, `spelltrigger_2`, `spellcharges_2`, `spellppmRate_2`, `spellcooldown_2`, `spellcategory_2`, `spellcategorycooldown_2`, `spellid_3`, `spelltrigger_3`, `spellcharges_3`, `spellppmRate_3`, `spellcooldown_3`, `spellcategory_3`, `spellcategorycooldown_3`, `spellid_4`, `spelltrigger_4`, `spellcharges_4`, `spellppmRate_4`, `spellcooldown_4`, `spellcategory_4`, `spellcategorycooldown_4`, `spellid_5`, `spelltrigger_5`, `spellcharges_5`, `spellppmRate_5`, `spellcooldown_5`, `spellcategory_5`, `spellcategorycooldown_5`, `bonding`, `description`, `PageText`, `LanguageID`, `PageMaterial`, `startquest`, `lockid`, `Material`, `sheath`, `RandomProperty`, `block`, `itemset`, `MaxDurability`, `area`, `Map`, `BagFamily`, `ScriptName`, `DisenchantID`, `FoodType`, `minMoneyLoot`, `maxMoneyLoot`, `Duration`, `ExtraFlags`, `OtherTeamEntry`) VALUES (6001107, 0, 15, 0, 'Hunter Tier 0.5 Tier Box', 14006, 1, 4, 1, 0, 0, 0, 4, -1, 50, 0, 0, 0, 0, 0, 0, 0, 0, 0, 1, 0, 0, 0, 0, 0, 0, 0, 0, 0, 0, 0, 0, 0, 0, 0, 0, 0, 0, 0, 0, 0, 0, 0, 0, 0, 0, 0, 0, 0, 0, 0, 0, 0, 0, 0, 0, 0, 0, 0, 0, 0, 0, 0, 0, 0, 0, 0, 0, 0, 0, -1, 0, -1, 0, 0, 0, 0, -1, 0, -1, 0, 0, 0, 0, -1, 0, -1, 0, 0, 0, 0, -1, 0, -1, 0, 0, 0, 0, 0, 0, 0, 1, 'A box. Open me.', 0, 0, 0, 0, 0, 0, 0, 0, 0, 0, 0, 0, 0, 0, '', 0, 0, 0, 0, 0, 0, 1);
DELETE FROM `item_template` WHERE `entry`=6001108 AND `patch`=0;
INSERT INTO `item_template` (`entry`, `patch`, `class`, `subclass`, `name`, `displayid`, `Quality`, `Flags`, `BuyCount`, `BuyPrice`, `SellPrice`, `InventoryType`, `AllowableClass`, `AllowableRace`, `ItemLevel`, `RequiredLevel`, `RequiredSkill`, `RequiredSkillRank`, `requiredspell`, `requiredhonorrank`, `RequiredCityRank`, `RequiredReputationFaction`, `RequiredReputationRank`, `maxcount`, `stackable`, `ContainerSlots`, `stat_type1`, `stat_value1`, `stat_type2`, `stat_value2`, `stat_type3`, `stat_value3`, `stat_type4`, `stat_value4`, `stat_type5`, `stat_value5`, `stat_type6`, `stat_value6`, `stat_type7`, `stat_value7`, `stat_type8`, `stat_value8`, `stat_type9`, `stat_value9`, `stat_type10`, `stat_value10`, `dmg_min1`, `dmg_max1`, `dmg_type1`, `dmg_min2`, `dmg_max2`, `dmg_type2`, `dmg_min3`, `dmg_max3`, `dmg_type3`, `dmg_min4`, `dmg_max4`, `dmg_type4`, `dmg_min5`, `dmg_max5`, `dmg_type5`, `armor`, `holy_res`, `fire_res`, `nature_res`, `frost_res`, `shadow_res`, `arcane_res`, `delay`, `ammo_type`, `RangedModRange`, `spellid_1`, `spelltrigger_1`, `spellcharges_1`, `spellppmRate_1`, `spellcooldown_1`, `spellcategory_1`, `spellcategorycooldown_1`, `spellid_2`, `spelltrigger_2`, `spellcharges_2`, `spellppmRate_2`, `spellcooldown_2`, `spellcategory_2`, `spellcategorycooldown_2`, `spellid_3`, `spelltrigger_3`, `spellcharges_3`, `spellppmRate_3`, `spellcooldown_3`, `spellcategory_3`, `spellcategorycooldown_3`, `spellid_4`, `spelltrigger_4`, `spellcharges_4`, `spellppmRate_4`, `spellcooldown_4`, `spellcategory_4`, `spellcategorycooldown_4`, `spellid_5`, `spelltrigger_5`, `spellcharges_5`, `spellppmRate_5`, `spellcooldown_5`, `spellcategory_5`, `spellcategorycooldown_5`, `bonding`, `description`, `PageText`, `LanguageID`, `PageMaterial`, `startquest`, `lockid`, `Material`, `sheath`, `RandomProperty`, `block`, `itemset`, `MaxDurability`, `area`, `Map`, `BagFamily`, `ScriptName`, `DisenchantID`, `FoodType`, `minMoneyLoot`, `maxMoneyLoot`, `Duration`, `ExtraFlags`, `OtherTeamEntry`) VALUES (6001108, 0, 15, 0, 'Warrior Tier 0.5 Tier Box', 14006, 1, 4, 1, 0, 0, 0, 1, -1, 50, 0, 0, 0, 0, 0, 0, 0, 0, 0, 1, 0, 0, 0, 0, 0, 0, 0, 0, 0, 0, 0, 0, 0, 0, 0, 0, 0, 0, 0, 0, 0, 0, 0, 0, 0, 0, 0, 0, 0, 0, 0, 0, 0, 0, 0, 0, 0, 0, 0, 0, 0, 0, 0, 0, 0, 0, 0, 0, 0, 0, -1, 0, -1, 0, 0, 0, 0, -1, 0, -1, 0, 0, 0, 0, -1, 0, -1, 0, 0, 0, 0, -1, 0, -1, 0, 0, 0, 0, 0, 0, 0, 1, 'A box. Open me.', 0, 0, 0, 0, 0, 0, 0, 0, 0, 0, 0, 0, 0, 0, '', 0, 0, 0, 0, 0, 0, 1);
DELETE FROM `item_template` WHERE `entry`=6001109 AND `patch`=0;
INSERT INTO `item_template` (`entry`, `patch`, `class`, `subclass`, `name`, `displayid`, `Quality`, `Flags`, `BuyCount`, `BuyPrice`, `SellPrice`, `InventoryType`, `AllowableClass`, `AllowableRace`, `ItemLevel`, `RequiredLevel`, `RequiredSkill`, `RequiredSkillRank`, `requiredspell`, `requiredhonorrank`, `RequiredCityRank`, `RequiredReputationFaction`, `RequiredReputationRank`, `maxcount`, `stackable`, `ContainerSlots`, `stat_type1`, `stat_value1`, `stat_type2`, `stat_value2`, `stat_type3`, `stat_value3`, `stat_type4`, `stat_value4`, `stat_type5`, `stat_value5`, `stat_type6`, `stat_value6`, `stat_type7`, `stat_value7`, `stat_type8`, `stat_value8`, `stat_type9`, `stat_value9`, `stat_type10`, `stat_value10`, `dmg_min1`, `dmg_max1`, `dmg_type1`, `dmg_min2`, `dmg_max2`, `dmg_type2`, `dmg_min3`, `dmg_max3`, `dmg_type3`, `dmg_min4`, `dmg_max4`, `dmg_type4`, `dmg_min5`, `dmg_max5`, `dmg_type5`, `armor`, `holy_res`, `fire_res`, `nature_res`, `frost_res`, `shadow_res`, `arcane_res`, `delay`, `ammo_type`, `RangedModRange`, `spellid_1`, `spelltrigger_1`, `spellcharges_1`, `spellppmRate_1`, `spellcooldown_1`, `spellcategory_1`, `spellcategorycooldown_1`, `spellid_2`, `spelltrigger_2`, `spellcharges_2`, `spellppmRate_2`, `spellcooldown_2`, `spellcategory_2`, `spellcategorycooldown_2`, `spellid_3`, `spelltrigger_3`, `spellcharges_3`, `spellppmRate_3`, `spellcooldown_3`, `spellcategory_3`, `spellcategorycooldown_3`, `spellid_4`, `spelltrigger_4`, `spellcharges_4`, `spellppmRate_4`, `spellcooldown_4`, `spellcategory_4`, `spellcategorycooldown_4`, `spellid_5`, `spelltrigger_5`, `spellcharges_5`, `spellppmRate_5`, `spellcooldown_5`, `spellcategory_5`, `spellcategorycooldown_5`, `bonding`, `description`, `PageText`, `LanguageID`, `PageMaterial`, `startquest`, `lockid`, `Material`, `sheath`, `RandomProperty`, `block`, `itemset`, `MaxDurability`, `area`, `Map`, `BagFamily`, `ScriptName`, `DisenchantID`, `FoodType`, `minMoneyLoot`, `maxMoneyLoot`, `Duration`, `ExtraFlags`, `OtherTeamEntry`) VALUES (6001109, 0, 15, 0, 'Druid Tier 0.5 Tier Box', 14006, 1, 4, 1, 0, 0, 0, 1024, -1, 50, 0, 0, 0, 0, 0, 0, 0, 0, 0, 1, 0, 0, 0, 0, 0, 0, 0, 0, 0, 0, 0, 0, 0, 0, 0, 0, 0, 0, 0, 0, 0, 0, 0, 0, 0, 0, 0, 0, 0, 0, 0, 0, 0, 0, 0, 0, 0, 0, 0, 0, 0, 0, 0, 0, 0, 0, 0, 0, 0, 0, -1, 0, -1, 0, 0, 0, 0, -1, 0, -1, 0, 0, 0, 0, -1, 0, -1, 0, 0, 0, 0, -1, 0, -1, 0, 0, 0, 0, 0, 0, 0, 1, 'A box. Open me.', 0, 0, 0, 0, 0, 0, 0, 0, 0, 0, 0, 0, 0, 0, '', 0, 0, 0, 0, 0, 0, 1);
DELETE FROM `item_template` WHERE `entry`=6001110 AND `patch`=0;
INSERT INTO `item_template` (`entry`, `patch`, `class`, `subclass`, `name`, `displayid`, `Quality`, `Flags`, `BuyCount`, `BuyPrice`, `SellPrice`, `InventoryType`, `AllowableClass`, `AllowableRace`, `ItemLevel`, `RequiredLevel`, `RequiredSkill`, `RequiredSkillRank`, `requiredspell`, `requiredhonorrank`, `RequiredCityRank`, `RequiredReputationFaction`, `RequiredReputationRank`, `maxcount`, `stackable`, `ContainerSlots`, `stat_type1`, `stat_value1`, `stat_type2`, `stat_value2`, `stat_type3`, `stat_value3`, `stat_type4`, `stat_value4`, `stat_type5`, `stat_value5`, `stat_type6`, `stat_value6`, `stat_type7`, `stat_value7`, `stat_type8`, `stat_value8`, `stat_type9`, `stat_value9`, `stat_type10`, `stat_value10`, `dmg_min1`, `dmg_max1`, `dmg_type1`, `dmg_min2`, `dmg_max2`, `dmg_type2`, `dmg_min3`, `dmg_max3`, `dmg_type3`, `dmg_min4`, `dmg_max4`, `dmg_type4`, `dmg_min5`, `dmg_max5`, `dmg_type5`, `armor`, `holy_res`, `fire_res`, `nature_res`, `frost_res`, `shadow_res`, `arcane_res`, `delay`, `ammo_type`, `RangedModRange`, `spellid_1`, `spelltrigger_1`, `spellcharges_1`, `spellppmRate_1`, `spellcooldown_1`, `spellcategory_1`, `spellcategorycooldown_1`, `spellid_2`, `spelltrigger_2`, `spellcharges_2`, `spellppmRate_2`, `spellcooldown_2`, `spellcategory_2`, `spellcategorycooldown_2`, `spellid_3`, `spelltrigger_3`, `spellcharges_3`, `spellppmRate_3`, `spellcooldown_3`, `spellcategory_3`, `spellcategorycooldown_3`, `spellid_4`, `spelltrigger_4`, `spellcharges_4`, `spellppmRate_4`, `spellcooldown_4`, `spellcategory_4`, `spellcategorycooldown_4`, `spellid_5`, `spelltrigger_5`, `spellcharges_5`, `spellppmRate_5`, `spellcooldown_5`, `spellcategory_5`, `spellcategorycooldown_5`, `bonding`, `description`, `PageText`, `LanguageID`, `PageMaterial`, `startquest`, `lockid`, `Material`, `sheath`, `RandomProperty`, `block`, `itemset`, `MaxDurability`, `area`, `Map`, `BagFamily`, `ScriptName`, `DisenchantID`, `FoodType`, `minMoneyLoot`, `maxMoneyLoot`, `Duration`, `ExtraFlags`, `OtherTeamEntry`) VALUES (6001110, 0, 15, 0, 'Paladin Tier 0.5 Tier Box', 14006, 1, 4, 1, 0, 0, 0, 2, -1, 50, 0, 0, 0, 0, 0, 0, 0, 0, 0, 1, 0, 0, 0, 0, 0, 0, 0, 0, 0, 0, 0, 0, 0, 0, 0, 0, 0, 0, 0, 0, 0, 0, 0, 0, 0, 0, 0, 0, 0, 0, 0, 0, 0, 0, 0, 0, 0, 0, 0, 0, 0, 0, 0, 0, 0, 0, 0, 0, 0, 0, -1, 0, -1, 0, 0, 0, 0, -1, 0, -1, 0, 0, 0, 0, -1, 0, -1, 0, 0, 0, 0, -1, 0, -1, 0, 0, 0, 0, 0, 0, 0, 1, 'A box. Open me.', 0, 0, 0, 0, 0, 0, 0, 0, 0, 0, 0, 0, 0, 0, '', 0, 0, 0, 0, 0, 0, 1);
DELETE FROM `item_template` WHERE `entry`=6001111 AND `patch`=0;
INSERT INTO `item_template` (`entry`, `patch`, `class`, `subclass`, `name`, `displayid`, `Quality`, `Flags`, `BuyCount`, `BuyPrice`, `SellPrice`, `InventoryType`, `AllowableClass`, `AllowableRace`, `ItemLevel`, `RequiredLevel`, `RequiredSkill`, `RequiredSkillRank`, `requiredspell`, `requiredhonorrank`, `RequiredCityRank`, `RequiredReputationFaction`, `RequiredReputationRank`, `maxcount`, `stackable`, `ContainerSlots`, `stat_type1`, `stat_value1`, `stat_type2`, `stat_value2`, `stat_type3`, `stat_value3`, `stat_type4`, `stat_value4`, `stat_type5`, `stat_value5`, `stat_type6`, `stat_value6`, `stat_type7`, `stat_value7`, `stat_type8`, `stat_value8`, `stat_type9`, `stat_value9`, `stat_type10`, `stat_value10`, `dmg_min1`, `dmg_max1`, `dmg_type1`, `dmg_min2`, `dmg_max2`, `dmg_type2`, `dmg_min3`, `dmg_max3`, `dmg_type3`, `dmg_min4`, `dmg_max4`, `dmg_type4`, `dmg_min5`, `dmg_max5`, `dmg_type5`, `armor`, `holy_res`, `fire_res`, `nature_res`, `frost_res`, `shadow_res`, `arcane_res`, `delay`, `ammo_type`, `RangedModRange`, `spellid_1`, `spelltrigger_1`, `spellcharges_1`, `spellppmRate_1`, `spellcooldown_1`, `spellcategory_1`, `spellcategorycooldown_1`, `spellid_2`, `spelltrigger_2`, `spellcharges_2`, `spellppmRate_2`, `spellcooldown_2`, `spellcategory_2`, `spellcategorycooldown_2`, `spellid_3`, `spelltrigger_3`, `spellcharges_3`, `spellppmRate_3`, `spellcooldown_3`, `spellcategory_3`, `spellcategorycooldown_3`, `spellid_4`, `spelltrigger_4`, `spellcharges_4`, `spellppmRate_4`, `spellcooldown_4`, `spellcategory_4`, `spellcategorycooldown_4`, `spellid_5`, `spelltrigger_5`, `spellcharges_5`, `spellppmRate_5`, `spellcooldown_5`, `spellcategory_5`, `spellcategorycooldown_5`, `bonding`, `description`, `PageText`, `LanguageID`, `PageMaterial`, `startquest`, `lockid`, `Material`, `sheath`, `RandomProperty`, `block`, `itemset`, `MaxDurability`, `area`, `Map`, `BagFamily`, `ScriptName`, `DisenchantID`, `FoodType`, `minMoneyLoot`, `maxMoneyLoot`, `Duration`, `ExtraFlags`, `OtherTeamEntry`) VALUES (6001111, 0, 15, 0, 'Mage Tier 0.5 Tier Box', 14006, 1, 4, 1, 0, 0, 0, 128, -1, 50, 0, 0, 0, 0, 0, 0, 0, 0, 0, 1, 0, 0, 0, 0, 0, 0, 0, 0, 0, 0, 0, 0, 0, 0, 0, 0, 0, 0, 0, 0, 0, 0, 0, 0, 0, 0, 0, 0, 0, 0, 0, 0, 0, 0, 0, 0, 0, 0, 0, 0, 0, 0, 0, 0, 0, 0, 0, 0, 0, 0, -1, 0, -1, 0, 0, 0, 0, -1, 0, -1, 0, 0, 0, 0, -1, 0, -1, 0, 0, 0, 0, -1, 0, -1, 0, 0, 0, 0, 0, 0, 0, 1, 'A box. Open me.', 0, 0, 0, 0, 0, 0, 0, 0, 0, 0, 0, 0, 0, 0, '', 0, 0, 0, 0, 0, 0, 1);
DELETE FROM `item_template` WHERE `entry`=6001112 AND `patch`=0;
INSERT INTO `item_template` (`entry`, `patch`, `class`, `subclass`, `name`, `displayid`, `Quality`, `Flags`, `BuyCount`, `BuyPrice`, `SellPrice`, `InventoryType`, `AllowableClass`, `AllowableRace`, `ItemLevel`, `RequiredLevel`, `RequiredSkill`, `RequiredSkillRank`, `requiredspell`, `requiredhonorrank`, `RequiredCityRank`, `RequiredReputationFaction`, `RequiredReputationRank`, `maxcount`, `stackable`, `ContainerSlots`, `stat_type1`, `stat_value1`, `stat_type2`, `stat_value2`, `stat_type3`, `stat_value3`, `stat_type4`, `stat_value4`, `stat_type5`, `stat_value5`, `stat_type6`, `stat_value6`, `stat_type7`, `stat_value7`, `stat_type8`, `stat_value8`, `stat_type9`, `stat_value9`, `stat_type10`, `stat_value10`, `dmg_min1`, `dmg_max1`, `dmg_type1`, `dmg_min2`, `dmg_max2`, `dmg_type2`, `dmg_min3`, `dmg_max3`, `dmg_type3`, `dmg_min4`, `dmg_max4`, `dmg_type4`, `dmg_min5`, `dmg_max5`, `dmg_type5`, `armor`, `holy_res`, `fire_res`, `nature_res`, `frost_res`, `shadow_res`, `arcane_res`, `delay`, `ammo_type`, `RangedModRange`, `spellid_1`, `spelltrigger_1`, `spellcharges_1`, `spellppmRate_1`, `spellcooldown_1`, `spellcategory_1`, `spellcategorycooldown_1`, `spellid_2`, `spelltrigger_2`, `spellcharges_2`, `spellppmRate_2`, `spellcooldown_2`, `spellcategory_2`, `spellcategorycooldown_2`, `spellid_3`, `spelltrigger_3`, `spellcharges_3`, `spellppmRate_3`, `spellcooldown_3`, `spellcategory_3`, `spellcategorycooldown_3`, `spellid_4`, `spelltrigger_4`, `spellcharges_4`, `spellppmRate_4`, `spellcooldown_4`, `spellcategory_4`, `spellcategorycooldown_4`, `spellid_5`, `spelltrigger_5`, `spellcharges_5`, `spellppmRate_5`, `spellcooldown_5`, `spellcategory_5`, `spellcategorycooldown_5`, `bonding`, `description`, `PageText`, `LanguageID`, `PageMaterial`, `startquest`, `lockid`, `Material`, `sheath`, `RandomProperty`, `block`, `itemset`, `MaxDurability`, `area`, `Map`, `BagFamily`, `ScriptName`, `DisenchantID`, `FoodType`, `minMoneyLoot`, `maxMoneyLoot`, `Duration`, `ExtraFlags`, `OtherTeamEntry`) VALUES (6001112, 0, 15, 0, 'Rogue Tier 0.5 Tier Box', 14006, 1, 4, 1, 0, 0, 0, 8, -1, 50, 0, 0, 0, 0, 0, 0, 0, 0, 0, 1, 0, 0, 0, 0, 0, 0, 0, 0, 0, 0, 0, 0, 0, 0, 0, 0, 0, 0, 0, 0, 0, 0, 0, 0, 0, 0, 0, 0, 0, 0, 0, 0, 0, 0, 0, 0, 0, 0, 0, 0, 0, 0, 0, 0, 0, 0, 0, 0, 0, 0, -1, 0, -1, 0, 0, 0, 0, -1, 0, -1, 0, 0, 0, 0, -1, 0, -1, 0, 0, 0, 0, -1, 0, -1, 0, 0, 0, 0, 0, 0, 0, 1, 'A box. Open me.', 0, 0, 0, 0, 0, 0, 0, 0, 0, 0, 0, 0, 0, 0, '', 0, 0, 0, 0, 0, 0, 1);
DELETE FROM `item_template` WHERE `entry`=6001113 AND `patch`=0;
INSERT INTO `item_template` (`entry`, `patch`, `class`, `subclass`, `name`, `displayid`, `Quality`, `Flags`, `BuyCount`, `BuyPrice`, `SellPrice`, `InventoryType`, `AllowableClass`, `AllowableRace`, `ItemLevel`, `RequiredLevel`, `RequiredSkill`, `RequiredSkillRank`, `requiredspell`, `requiredhonorrank`, `RequiredCityRank`, `RequiredReputationFaction`, `RequiredReputationRank`, `maxcount`, `stackable`, `ContainerSlots`, `stat_type1`, `stat_value1`, `stat_type2`, `stat_value2`, `stat_type3`, `stat_value3`, `stat_type4`, `stat_value4`, `stat_type5`, `stat_value5`, `stat_type6`, `stat_value6`, `stat_type7`, `stat_value7`, `stat_type8`, `stat_value8`, `stat_type9`, `stat_value9`, `stat_type10`, `stat_value10`, `dmg_min1`, `dmg_max1`, `dmg_type1`, `dmg_min2`, `dmg_max2`, `dmg_type2`, `dmg_min3`, `dmg_max3`, `dmg_type3`, `dmg_min4`, `dmg_max4`, `dmg_type4`, `dmg_min5`, `dmg_max5`, `dmg_type5`, `armor`, `holy_res`, `fire_res`, `nature_res`, `frost_res`, `shadow_res`, `arcane_res`, `delay`, `ammo_type`, `RangedModRange`, `spellid_1`, `spelltrigger_1`, `spellcharges_1`, `spellppmRate_1`, `spellcooldown_1`, `spellcategory_1`, `spellcategorycooldown_1`, `spellid_2`, `spelltrigger_2`, `spellcharges_2`, `spellppmRate_2`, `spellcooldown_2`, `spellcategory_2`, `spellcategorycooldown_2`, `spellid_3`, `spelltrigger_3`, `spellcharges_3`, `spellppmRate_3`, `spellcooldown_3`, `spellcategory_3`, `spellcategorycooldown_3`, `spellid_4`, `spelltrigger_4`, `spellcharges_4`, `spellppmRate_4`, `spellcooldown_4`, `spellcategory_4`, `spellcategorycooldown_4`, `spellid_5`, `spelltrigger_5`, `spellcharges_5`, `spellppmRate_5`, `spellcooldown_5`, `spellcategory_5`, `spellcategorycooldown_5`, `bonding`, `description`, `PageText`, `LanguageID`, `PageMaterial`, `startquest`, `lockid`, `Material`, `sheath`, `RandomProperty`, `block`, `itemset`, `MaxDurability`, `area`, `Map`, `BagFamily`, `ScriptName`, `DisenchantID`, `FoodType`, `minMoneyLoot`, `maxMoneyLoot`, `Duration`, `ExtraFlags`, `OtherTeamEntry`) VALUES (6001113, 0, 15, 0, 'Warlock Tier 0.5 Tier Box', 14006, 1, 4, 1, 0, 0, 0, 256, -1, 50, 0, 0, 0, 0, 0, 0, 0, 0, 0, 1, 0, 0, 0, 0, 0, 0, 0, 0, 0, 0, 0, 0, 0, 0, 0, 0, 0, 0, 0, 0, 0, 0, 0, 0, 0, 0, 0, 0, 0, 0, 0, 0, 0, 0, 0, 0, 0, 0, 0, 0, 0, 0, 0, 0, 0, 0, 0, 0, 0, 0, -1, 0, -1, 0, 0, 0, 0, -1, 0, -1, 0, 0, 0, 0, -1, 0, -1, 0, 0, 0, 0, -1, 0, -1, 0, 0, 0, 0, 0, 0, 0, 1, 'A box. Open me.', 0, 0, 0, 0, 0, 0, 0, 0, 0, 0, 0, 0, 0, 0, '', 0, 0, 0, 0, 0, 0, 1);
DELETE FROM `item_template` WHERE `entry`=6001114 AND `patch`=0;
INSERT INTO `item_template` (`entry`, `patch`, `class`, `subclass`, `name`, `displayid`, `Quality`, `Flags`, `BuyCount`, `BuyPrice`, `SellPrice`, `InventoryType`, `AllowableClass`, `AllowableRace`, `ItemLevel`, `RequiredLevel`, `RequiredSkill`, `RequiredSkillRank`, `requiredspell`, `requiredhonorrank`, `RequiredCityRank`, `RequiredReputationFaction`, `RequiredReputationRank`, `maxcount`, `stackable`, `ContainerSlots`, `stat_type1`, `stat_value1`, `stat_type2`, `stat_value2`, `stat_type3`, `stat_value3`, `stat_type4`, `stat_value4`, `stat_type5`, `stat_value5`, `stat_type6`, `stat_value6`, `stat_type7`, `stat_value7`, `stat_type8`, `stat_value8`, `stat_type9`, `stat_value9`, `stat_type10`, `stat_value10`, `dmg_min1`, `dmg_max1`, `dmg_type1`, `dmg_min2`, `dmg_max2`, `dmg_type2`, `dmg_min3`, `dmg_max3`, `dmg_type3`, `dmg_min4`, `dmg_max4`, `dmg_type4`, `dmg_min5`, `dmg_max5`, `dmg_type5`, `armor`, `holy_res`, `fire_res`, `nature_res`, `frost_res`, `shadow_res`, `arcane_res`, `delay`, `ammo_type`, `RangedModRange`, `spellid_1`, `spelltrigger_1`, `spellcharges_1`, `spellppmRate_1`, `spellcooldown_1`, `spellcategory_1`, `spellcategorycooldown_1`, `spellid_2`, `spelltrigger_2`, `spellcharges_2`, `spellppmRate_2`, `spellcooldown_2`, `spellcategory_2`, `spellcategorycooldown_2`, `spellid_3`, `spelltrigger_3`, `spellcharges_3`, `spellppmRate_3`, `spellcooldown_3`, `spellcategory_3`, `spellcategorycooldown_3`, `spellid_4`, `spelltrigger_4`, `spellcharges_4`, `spellppmRate_4`, `spellcooldown_4`, `spellcategory_4`, `spellcategorycooldown_4`, `spellid_5`, `spelltrigger_5`, `spellcharges_5`, `spellppmRate_5`, `spellcooldown_5`, `spellcategory_5`, `spellcategorycooldown_5`, `bonding`, `description`, `PageText`, `LanguageID`, `PageMaterial`, `startquest`, `lockid`, `Material`, `sheath`, `RandomProperty`, `block`, `itemset`, `MaxDurability`, `area`, `Map`, `BagFamily`, `ScriptName`, `DisenchantID`, `FoodType`, `minMoneyLoot`, `maxMoneyLoot`, `Duration`, `ExtraFlags`, `OtherTeamEntry`) VALUES (6001114, 0, 15, 0, 'Shaman Tier 0.5 Tier Box', 14006, 1, 4, 1, 0, 0, 0, 64, -1, 50, 0, 0, 0, 0, 0, 0, 0, 0, 0, 1, 0, 0, 0, 0, 0, 0, 0, 0, 0, 0, 0, 0, 0, 0, 0, 0, 0, 0, 0, 0, 0, 0, 0, 0, 0, 0, 0, 0, 0, 0, 0, 0, 0, 0, 0, 0, 0, 0, 0, 0, 0, 0, 0, 0, 0, 0, 0, 0, 0, 0, -1, 0, -1, 0, 0, 0, 0, -1, 0, -1, 0, 0, 0, 0, -1, 0, -1, 0, 0, 0, 0, -1, 0, -1, 0, 0, 0, 0, 0, 0, 0, 1, 'A box. Open me.', 0, 0, 0, 0, 0, 0, 0, 0, 0, 0, 0, 0, 0, 0, '', 0, 0, 0, 0, 0, 0, 1);
DELETE FROM `item_template` WHERE `entry`=6001115 AND `patch`=0;
INSERT INTO `item_template` (`entry`, `patch`, `class`, `subclass`, `name`, `displayid`, `Quality`, `Flags`, `BuyCount`, `BuyPrice`, `SellPrice`, `InventoryType`, `AllowableClass`, `AllowableRace`, `ItemLevel`, `RequiredLevel`, `RequiredSkill`, `RequiredSkillRank`, `requiredspell`, `requiredhonorrank`, `RequiredCityRank`, `RequiredReputationFaction`, `RequiredReputationRank`, `maxcount`, `stackable`, `ContainerSlots`, `stat_type1`, `stat_value1`, `stat_type2`, `stat_value2`, `stat_type3`, `stat_value3`, `stat_type4`, `stat_value4`, `stat_type5`, `stat_value5`, `stat_type6`, `stat_value6`, `stat_type7`, `stat_value7`, `stat_type8`, `stat_value8`, `stat_type9`, `stat_value9`, `stat_type10`, `stat_value10`, `dmg_min1`, `dmg_max1`, `dmg_type1`, `dmg_min2`, `dmg_max2`, `dmg_type2`, `dmg_min3`, `dmg_max3`, `dmg_type3`, `dmg_min4`, `dmg_max4`, `dmg_type4`, `dmg_min5`, `dmg_max5`, `dmg_type5`, `armor`, `holy_res`, `fire_res`, `nature_res`, `frost_res`, `shadow_res`, `arcane_res`, `delay`, `ammo_type`, `RangedModRange`, `spellid_1`, `spelltrigger_1`, `spellcharges_1`, `spellppmRate_1`, `spellcooldown_1`, `spellcategory_1`, `spellcategorycooldown_1`, `spellid_2`, `spelltrigger_2`, `spellcharges_2`, `spellppmRate_2`, `spellcooldown_2`, `spellcategory_2`, `spellcategorycooldown_2`, `spellid_3`, `spelltrigger_3`, `spellcharges_3`, `spellppmRate_3`, `spellcooldown_3`, `spellcategory_3`, `spellcategorycooldown_3`, `spellid_4`, `spelltrigger_4`, `spellcharges_4`, `spellppmRate_4`, `spellcooldown_4`, `spellcategory_4`, `spellcategorycooldown_4`, `spellid_5`, `spelltrigger_5`, `spellcharges_5`, `spellppmRate_5`, `spellcooldown_5`, `spellcategory_5`, `spellcategorycooldown_5`, `bonding`, `description`, `PageText`, `LanguageID`, `PageMaterial`, `startquest`, `lockid`, `Material`, `sheath`, `RandomProperty`, `block`, `itemset`, `MaxDurability`, `area`, `Map`, `BagFamily`, `ScriptName`, `DisenchantID`, `FoodType`, `minMoneyLoot`, `maxMoneyLoot`, `Duration`, `ExtraFlags`, `OtherTeamEntry`) VALUES (6001115, 0, 15, 0, 'Priest Tier 0.5 Tier Box', 14006, 1, 4, 1, 0, 0, 0, 16, -1, 50, 0, 0, 0, 0, 0, 0, 0, 0, 0, 1, 0, 0, 0, 0, 0, 0, 0, 0, 0, 0, 0, 0, 0, 0, 0, 0, 0, 0, 0, 0, 0, 0, 0, 0, 0, 0, 0, 0, 0, 0, 0, 0, 0, 0, 0, 0, 0, 0, 0, 0, 0, 0, 0, 0, 0, 0, 0, 0, 0, 0, -1, 0, -1, 0, 0, 0, 0, -1, 0, -1, 0, 0, 0, 0, -1, 0, -1, 0, 0, 0, 0, -1, 0, -1, 0, 0, 0, 0, 0, 0, 0, 1, 'A box. Open me.', 0, 0, 0, 0, 0, 0, 0, 0, 0, 0, 0, 0, 0, 0, '', 0, 0, 0, 0, 0, 0, 1);

-- Loot for each box

INSERT INTO item_loot_template (`entry`, `item`, `ChanceOrQuestchance`, `groupid`, `mincountOrRef`, `maxcount`, `condition_id`)
VALUES
(6001107, 22010, 100, 0, 1, 1, 0),
(6001107, 22011, 100, 0, 1, 1, 0),
(6001107, 22013, 100, 0, 1, 1, 0),
(6001107, 22015, 100, 0, 1, 1, 0),
(6001107, 22016, 100, 0, 1, 1, 0),
(6001107, 22017, 100, 0, 1, 1, 0),
(6001107, 22060, 100, 0, 1, 1, 0),
(6001107, 22061, 100, 0, 1, 1, 0),
(6001108, 21994, 100, 0, 1, 1, 0),
(6001108, 21995, 100, 0, 1, 1, 0),
(6001108, 21996, 100, 0, 1, 1, 0),
(6001108, 21997, 100, 0, 1, 1, 0),
(6001108, 21998, 100, 0, 1, 1, 0),
(6001108, 21999, 100, 0, 1, 1, 0),
(6001108, 22000, 100, 0, 1, 1, 0),
(6001108, 22001, 100, 0, 1, 1, 0),
(6001109, 22106, 100, 0, 1, 1, 0),
(6001109, 22107, 100, 0, 1, 1, 0),
(6001109, 22108, 100, 0, 1, 1, 0),
(6001109, 22109, 100, 0, 1, 1, 0),
(6001109, 22110, 100, 0, 1, 1, 0),
(6001109, 22111, 100, 0, 1, 1, 0),
(6001109, 22112, 100, 0, 1, 1, 0),
(6001109, 22113, 100, 0, 1, 1, 0),
(6001110, 22086, 100, 0, 1, 1, 0),
(6001110, 22087, 100, 0, 1, 1, 0),
(6001110, 22088, 100, 0, 1, 1, 0),
(6001110, 22089, 100, 0, 1, 1, 0),
(6001110, 22090, 100, 0, 1, 1, 0),
(6001110, 22091, 100, 0, 1, 1, 0),
(6001110, 22092, 100, 0, 1, 1, 0),
(6001110, 22093, 100, 0, 1, 1, 0),
(6001111, 22062, 100, 0, 1, 1, 0),
(6001111, 22063, 100, 0, 1, 1, 0),
(6001111, 22064, 100, 0, 1, 1, 0),
(6001111, 22065, 100, 0, 1, 1, 0),
(6001111, 22066, 100, 0, 1, 1, 0),
(6001111, 22067, 100, 0, 1, 1, 0),
(6001111, 22068, 100, 0, 1, 1, 0),
(6001111, 22069, 100, 0, 1, 1, 0),
(6001112, 22002, 100, 0, 1, 1, 0),
(6001112, 22003, 100, 0, 1, 1, 0),
(6001112, 22004, 100, 0, 1, 1, 0),
(6001112, 22005, 100, 0, 1, 1, 0),
(6001112, 22006, 100, 0, 1, 1, 0),
(6001112, 22007, 100, 0, 1, 1, 0),
(6001112, 22008, 100, 0, 1, 1, 0),
(6001112, 22009, 100, 0, 1, 1, 0),
(6001113, 22070, 100, 0, 1, 1, 0),
(6001113, 22071, 100, 0, 1, 1, 0),
(6001113, 22072, 100, 0, 1, 1, 0),
(6001113, 22073, 100, 0, 1, 1, 0),
(6001113, 22074, 100, 0, 1, 1, 0),
(6001113, 22075, 100, 0, 1, 1, 0),
(6001113, 22076, 100, 0, 1, 1, 0),
(6001113, 22077, 100, 0, 1, 1, 0),
(6001114, 22095, 100, 0, 1, 1, 0),
(6001114, 22096, 100, 0, 1, 1, 0),
(6001114, 22097, 100, 0, 1, 1, 0),
(6001114, 22098, 100, 0, 1, 1, 0),
(6001114, 22099, 100, 0, 1, 1, 0),
(6001114, 22100, 100, 0, 1, 1, 0),
(6001114, 22101, 100, 0, 1, 1, 0),
(6001114, 22102, 100, 0, 1, 1, 0),
(6001115, 22078, 100, 0, 1, 1, 0),
(6001115, 22079, 100, 0, 1, 1, 0),
(6001115, 22080, 100, 0, 1, 1, 0),
(6001115, 22081, 100, 0, 1, 1, 0),
(6001115, 22082, 100, 0, 1, 1, 0),
(6001115, 22083, 100, 0, 1, 1, 0),
(6001115, 22084, 100, 0, 1, 1, 0),
(6001115, 22085, 100, 0, 1, 1, 0);

-- Vendor update
DELETE FROM npc_vendor_template WHERE entry = 1200020
DELETE FROM `npc_vendor_template` WHERE `entry`=1200020 AND `item`=6001107;
INSERT INTO `npc_vendor_template` (`entry`, `item`, `maxcount`, `incrtime`, `conditionId`) VALUES (1200020, 6001107, 0, 0, 0);
DELETE FROM `npc_vendor_template` WHERE `entry`=1200020 AND `item`=6001108;
INSERT INTO `npc_vendor_template` (`entry`, `item`, `maxcount`, `incrtime`, `conditionId`) VALUES (1200020, 6001108, 0, 0, 0);
DELETE FROM `npc_vendor_template` WHERE `entry`=1200020 AND `item`=6001109;
INSERT INTO `npc_vendor_template` (`entry`, `item`, `maxcount`, `incrtime`, `conditionId`) VALUES (1200020, 6001109, 0, 0, 0);
DELETE FROM `npc_vendor_template` WHERE `entry`=1200020 AND `item`=6001110;
INSERT INTO `npc_vendor_template` (`entry`, `item`, `maxcount`, `incrtime`, `conditionId`) VALUES (1200020, 6001110, 0, 0, 0);
DELETE FROM `npc_vendor_template` WHERE `entry`=1200020 AND `item`=6001111;
INSERT INTO `npc_vendor_template` (`entry`, `item`, `maxcount`, `incrtime`, `conditionId`) VALUES (1200020, 6001111, 0, 0, 0);
DELETE FROM `npc_vendor_template` WHERE `entry`=1200020 AND `item`=6001112;
INSERT INTO `npc_vendor_template` (`entry`, `item`, `maxcount`, `incrtime`, `conditionId`) VALUES (1200020, 6001112, 0, 0, 0);
DELETE FROM `npc_vendor_template` WHERE `entry`=1200020 AND `item`=6001113;
INSERT INTO `npc_vendor_template` (`entry`, `item`, `maxcount`, `incrtime`, `conditionId`) VALUES (1200020, 6001113, 0, 0, 0);
DELETE FROM `npc_vendor_template` WHERE `entry`=1200020 AND `item`=6001114;
INSERT INTO `npc_vendor_template` (`entry`, `item`, `maxcount`, `incrtime`, `conditionId`) VALUES (1200020, 6001114, 0, 0, 0);
DELETE FROM `npc_vendor_template` WHERE `entry`=1200020 AND `item`=6001115;
INSERT INTO `npc_vendor_template` (`entry`, `item`, `maxcount`, `incrtime`, `conditionId`) VALUES (1200020, 6001115, 0, 0, 0);

-- End of migration.
END IF;
END??
delimiter ; 
CALL add_migration();
DROP PROCEDURE IF EXISTS add_migration;
